Date,Product,Units_Sold,Price,Unit_Cost
2024-01-01,Aura-Scent Diffuser,48,150,70
2024-01-01,Lumina Smart Lamp,38,150,70
2024-01-01,Zenith Air Enhancer,24,150,70
2024-01-02,Aura-Scent Diffuser,17,150,70
2024-01-02,Lumina Smart Lamp,30,150,70
2024-01-02,Zenith Air Enhancer,48,150,70
2024-01-03,Aura-Scent Diffuser,28,150,70
2024-01-03,Lumina Smart Lamp,32,150,70
2024-01-03,Zenith Air Enhancer,20,150,70
2024-01-04,Aura-Scent Diffuser,20,150,70
2024-01-04,Lumina Smart Lamp,33,150,70
2024-01-04,Zenith Air Enhancer,45,150,70
2024-01-05,Aura-Scent Diffuser,49,150,70
2024-01-05,Lumina Smart Lamp,33,150,70
2024-01-05,Zenith Air Enhancer,12,150,70
2024-01-06,Aura-Scent Diffuser,31,150,70
2024-01-06,Lumina Smart Lamp,11,150,70
2024-01-06,Zenith Air Enhancer,33,150,70
2024-01-07,Aura-Scent Diffuser,39,150,70
2024-01-07,Lumina Smart Lamp,47,150,70
2024-01-07,Zenith Air Enhancer,11,150,70
2024-01-08,Aura-Scent Diffuser,30,150,70
2024-01-08,Lumina Smart Lamp,42,150,70
2024-01-08,Zenith Air Enhancer,21,150,70
2024-01-09,Aura-Scent Diffuser,31,150,70
2024-01-09,Lumina Smart Lamp,34,150,70
2024-01-09,Zenith Air Enhancer,36,150,70
2024-01-10,Aura-Scent Diffuser,37,150,70
2024-01-10,Lumina Smart Lamp,25,150,70
2024-01-10,Zenith Air Enhancer,24,150,70
2024-01-11,Aura-Scent Diffuser,12,150,70
2024-01-11,Lumina Smart Lamp,46,150,70
2024-01-11,Zenith Air Enhancer,16,150,70
2024-01-12,Aura-Scent Diffuser,30,150,70
2024-01-12,Lumina Smart Lamp,18,150,70
2024-01-12,Zenith Air Enhancer,48,150,70
2024-01-13,Aura-Scent Diffuser,27,150,70
2024-01-13,Lumina Smart Lamp,13,150,70
2024-01-13,Zenith Air Enhancer,34,150,70
2024-01-14,Aura-Scent Diffuser,23,150,70
2024-01-14,Lumina Smart Lamp,18,150,70
2024-01-14,Zenith Air Enhancer,35,150,70
2024-01-15,Aura-Scent Diffuser,11,150,70
2024-01-15,Lumina Smart Lamp,29,150,70
2024-01-15,Zenith Air Enhancer,37,150,70
2024-01-16,Aura-Scent Diffuser,16,150,70
2024-01-16,Lumina Smart Lamp,17,150,70
2024-01-16,Zenith Air Enhancer,44,150,70
2024-01-17,Aura-Scent Diffuser,23,150,70
2024-01-17,Lumina Smart Lamp,26,150,70
2024-01-17,Zenith Air Enhancer,45,150,70
2024-01-18,Aura-Scent Diffuser,49,150,70
2024-01-18,Lumina Smart Lamp,13,150,70
2024-01-18,Zenith Air Enhancer,11,150,70
2024-01-19,Aura-Scent Diffuser,15,150,70
2024-01-19,Lumina Smart Lamp,13,150,70
2024-01-19,Zenith Air Enhancer,38,150,70
2024-01-20,Aura-Scent Diffuser,27,150,70
2024-01-20,Lumina Smart Lamp,35,150,70
2024-01-20,Zenith Air Enhancer,43,150,70
2024-01-21,Aura-Scent Diffuser,19,150,70
2024-01-21,Lumina Smart Lamp,45,150,70
2024-01-21,Zenith Air Enhancer,23,150,70
2024-01-22,Aura-Scent Diffuser,40,150,70
2024-01-22,Lumina Smart Lamp,24,150,70
2024-01-22,Zenith Air Enhancer,17,150,70
2024-01-23,Aura-Scent Diffuser,23,150,70
2024-01-23,Lumina Smart Lamp,32,150,70
2024-01-23,Zenith Air Enhancer,49,150,70
2024-01-24,Aura-Scent Diffuser,30,150,70
2024-01-24,Lumina Smart Lamp,25,150,70
2024-01-24,Zenith Air Enhancer,27,150,70
2024-01-25,Aura-Scent Diffuser,33,150,70
2024-01-25,Lumina Smart Lamp,35,150,70
2024-01-25,Zenith Air Enhancer,34,150,70
2024-01-26,Aura-Scent Diffuser,38,150,70
2024-01-26,Lumina Smart Lamp,24,150,70
2024-01-26,Zenith Air Enhancer,10,150,70
2024-01-27,Aura-Scent Diffuser,34,150,70
2024-01-27,Lumina Smart Lamp,16,150,70
2024-01-27,Zenith Air Enhancer,18,150,70
2024-01-28,Aura-Scent Diffuser,33,150,70
2024-01-28,Lumina Smart Lamp,10,150,70
2024-01-28,Zenith Air Enhancer,17,150,70
2024-01-29,Aura-Scent Diffuser,33,150,70
2024-01-29,Lumina Smart Lamp,20,150,70
2024-01-29,Zenith Air Enhancer,26,150,70
2024-01-30,Aura-Scent Diffuser,17,150,70
2024-01-30,Lumina Smart Lamp,44,150,70
2024-01-30,Zenith Air Enhancer,44,150,70
2024-01-31,Aura-Scent Diffuser,42,150,70
2024-01-31,Lumina Smart Lamp,14,150,70
2024-01-31,Zenith Air Enhancer,48,150,70
2024-02-01,Aura-Scent Diffuser,37,150,70
2024-02-01,Lumina Smart Lamp,16,150,70
2024-02-01,Zenith Air Enhancer,18,150,70
2024-02-02,Aura-Scent Diffuser,17,150,70
2024-02-02,Lumina Smart Lamp,21,150,70
2024-02-02,Zenith Air Enhancer,43,150,70
2024-02-03,Aura-Scent Diffuser,42,150,70
2024-02-03,Lumina Smart Lamp,32,150,70
2024-02-03,Zenith Air Enhancer,33,150,70
2024-02-04,Aura-Scent Diffuser,46,150,70
2024-02-04,Lumina Smart Lamp,44,150,70
2024-02-04,Zenith Air Enhancer,49,150,70
2024-02-05,Aura-Scent Diffuser,31,150,70
2024-02-05,Lumina Smart Lamp,36,150,70
2024-02-05,Zenith Air Enhancer,44,150,70
2024-02-06,Aura-Scent Diffuser,10,150,70
2024-02-06,Lumina Smart Lamp,44,150,70
2024-02-06,Zenith Air Enhancer,46,150,70
2024-02-07,Aura-Scent Diffuser,23,150,70
2024-02-07,Lumina Smart Lamp,12,150,70
2024-02-07,Zenith Air Enhancer,10,150,70
2024-02-08,Aura-Scent Diffuser,14,150,70
2024-02-08,Lumina Smart Lamp,35,150,70
2024-02-08,Zenith Air Enhancer,23,150,70
2024-02-09,Aura-Scent Diffuser,48,150,70
2024-02-09,Lumina Smart Lamp,36,150,70
2024-02-09,Zenith Air Enhancer,18,150,70
2024-02-10,Aura-Scent Diffuser,24,150,70
2024-02-10,Lumina Smart Lamp,24,150,70
2024-02-10,Zenith Air Enhancer,35,150,70
2024-02-11,Aura-Scent Diffuser,22,150,70
2024-02-11,Lumina Smart Lamp,41,150,70
2024-02-11,Zenith Air Enhancer,48,150,70
2024-02-12,Aura-Scent Diffuser,41,150,70
2024-02-12,Lumina Smart Lamp,13,150,70
2024-02-12,Zenith Air Enhancer,39,150,70
2024-02-13,Aura-Scent Diffuser,46,150,70
2024-02-13,Lumina Smart Lamp,32,150,70
2024-02-13,Zenith Air Enhancer,48,150,70
2024-02-14,Aura-Scent Diffuser,24,150,70
2024-02-14,Lumina Smart Lamp,38,150,70
2024-02-14,Zenith Air Enhancer,45,150,70
2024-02-15,Aura-Scent Diffuser,22,150,70
2024-02-15,Lumina Smart Lamp,41,150,70
2024-02-15,Zenith Air Enhancer,16,150,70
2024-02-16,Aura-Scent Diffuser,31,150,70
2024-02-16,Lumina Smart Lamp,37,150,70
2024-02-16,Zenith Air Enhancer,11,150,70
2024-02-17,Aura-Scent Diffuser,15,150,70
2024-02-17,Lumina Smart Lamp,37,150,70
2024-02-17,Zenith Air Enhancer,37,150,70
2024-02-18,Aura-Scent Diffuser,29,150,70
2024-02-18,Lumina Smart Lamp,39,150,70
2024-02-18,Zenith Air Enhancer,20,150,70
2024-02-19,Aura-Scent Diffuser,37,150,70
2024-02-19,Lumina Smart Lamp,34,150,70
2024-02-19,Zenith Air Enhancer,48,150,70
2024-02-20,Aura-Scent Diffuser,42,150,70
2024-02-20,Lumina Smart Lamp,10,150,70
2024-02-20,Zenith Air Enhancer,36,150,70
2024-02-21,Aura-Scent Diffuser,22,150,70
2024-02-21,Lumina Smart Lamp,12,150,70
2024-02-21,Zenith Air Enhancer,48,150,70
2024-02-22,Aura-Scent Diffuser,15,150,70
2024-02-22,Lumina Smart Lamp,17,150,70
2024-02-22,Zenith Air Enhancer,36,150,70
2024-02-23,Aura-Scent Diffuser,18,150,70
2024-02-23,Lumina Smart Lamp,46,150,70
2024-02-23,Zenith Air Enhancer,42,150,70
2024-02-24,Aura-Scent Diffuser,33,150,70
2024-02-24,Lumina Smart Lamp,24,150,70
2024-02-24,Zenith Air Enhancer,41,150,70
2024-02-25,Aura-Scent Diffuser,41,150,70
2024-02-25,Lumina Smart Lamp,33,150,70
2024-02-25,Zenith Air Enhancer,21,150,70
2024-02-26,Aura-Scent Diffuser,48,150,70
2024-02-26,Lumina Smart Lamp,11,150,70
2024-02-26,Zenith Air Enhancer,12,150,70
2024-02-27,Aura-Scent Diffuser,46,150,70
2024-02-27,Lumina Smart Lamp,26,150,70
2024-02-27,Zenith Air Enhancer,11,150,70
2024-02-28,Aura-Scent Diffuser,11,150,70
2024-02-28,Lumina Smart Lamp,37,150,70
2024-02-28,Zenith Air Enhancer,32,150,70
2024-02-29,Aura-Scent Diffuser,46,150,70
2024-02-29,Lumina Smart Lamp,41,150,70
2024-02-29,Zenith Air Enhancer,42,150,70
2024-03-01,Aura-Scent Diffuser,10,150,70
2024-03-01,Lumina Smart Lamp,28,150,70
2024-03-01,Zenith Air Enhancer,11,150,70
2024-03-02,Aura-Scent Diffuser,35,150,70
2024-03-02,Lumina Smart Lamp,41,150,70
2024-03-02,Zenith Air Enhancer,15,150,70
2024-03-03,Aura-Scent Diffuser,41,150,70
2024-03-03,Lumina Smart Lamp,13,150,70
2024-03-03,Zenith Air Enhancer,20,150,70
2024-03-04,Aura-Scent Diffuser,26,150,70
2024-03-04,Lumina Smart Lamp,47,150,70
2024-03-04,Zenith Air Enhancer,33,150,70
2024-03-05,Aura-Scent Diffuser,14,150,70
2024-03-05,Lumina Smart Lamp,43,150,70
2024-03-05,Zenith Air Enhancer,15,150,70
2024-03-06,Aura-Scent Diffuser,31,150,70
2024-03-06,Lumina Smart Lamp,20,150,70
2024-03-06,Zenith Air Enhancer,25,150,70
2024-03-07,Aura-Scent Diffuser,42,150,70
2024-03-07,Lumina Smart Lamp,18,150,70
2024-03-07,Zenith Air Enhancer,15,150,70
2024-03-08,Aura-Scent Diffuser,25,150,70
2024-03-08,Lumina Smart Lamp,38,150,70
2024-03-08,Zenith Air Enhancer,12,150,70
2024-03-09,Aura-Scent Diffuser,29,150,70
2024-03-09,Lumina Smart Lamp,45,150,70
2024-03-09,Zenith Air Enhancer,28,150,70
2024-03-10,Aura-Scent Diffuser,35,150,70
2024-03-10,Lumina Smart Lamp,12,150,70
2024-03-10,Zenith Air Enhancer,28,150,70
2024-03-11,Aura-Scent Diffuser,29,150,70
2024-03-11,Lumina Smart Lamp,41,150,70
2024-03-11,Zenith Air Enhancer,16,150,70
2024-03-12,Aura-Scent Diffuser,42,150,70
2024-03-12,Lumina Smart Lamp,49,150,70
2024-03-12,Zenith Air Enhancer,48,150,70
2024-03-13,Aura-Scent Diffuser,27,150,70
2024-03-13,Lumina Smart Lamp,49,150,70
2024-03-13,Zenith Air Enhancer,10,150,70
2024-03-14,Aura-Scent Diffuser,20,150,70
2024-03-14,Lumina Smart Lamp,37,150,70
2024-03-14,Zenith Air Enhancer,34,150,70
2024-03-15,Aura-Scent Diffuser,32,150,70
2024-03-15,Lumina Smart Lamp,40,150,70
2024-03-15,Zenith Air Enhancer,39,150,70
2024-03-16,Aura-Scent Diffuser,44,150,70
2024-03-16,Lumina Smart Lamp,16,150,70
2024-03-16,Zenith Air Enhancer,25,150,70
2024-03-17,Aura-Scent Diffuser,35,150,70
2024-03-17,Lumina Smart Lamp,11,150,70
2024-03-17,Zenith Air Enhancer,10,150,70
2024-03-18,Aura-Scent Diffuser,21,150,70
2024-03-18,Lumina Smart Lamp,14,150,70
2024-03-18,Zenith Air Enhancer,46,150,70
2024-03-19,Aura-Scent Diffuser,41,150,70
2024-03-19,Lumina Smart Lamp,18,150,70
2024-03-19,Zenith Air Enhancer,44,150,70
2024-03-20,Aura-Scent Diffuser,28,150,70
2024-03-20,Lumina Smart Lamp,25,150,70
2024-03-20,Zenith Air Enhancer,12,150,70
2024-03-21,Aura-Scent Diffuser,29,150,70
2024-03-21,Lumina Smart Lamp,33,150,70
2024-03-21,Zenith Air Enhancer,42,150,70
2024-03-22,Aura-Scent Diffuser,33,150,70
2024-03-22,Lumina Smart Lamp,20,150,70
2024-03-22,Zenith Air Enhancer,17,150,70
2024-03-23,Aura-Scent Diffuser,45,150,70
2024-03-23,Lumina Smart Lamp,47,150,70
2024-03-23,Zenith Air Enhancer,49,150,70
2024-03-24,Aura-Scent Diffuser,29,150,70
2024-03-24,Lumina Smart Lamp,44,150,70
2024-03-24,Zenith Air Enhancer,34,150,70
2024-03-25,Aura-Scent Diffuser,44,150,70
2024-03-25,Lumina Smart Lamp,34,150,70
2024-03-25,Zenith Air Enhancer,38,150,70
2024-03-26,Aura-Scent Diffuser,27,150,70
2024-03-26,Lumina Smart Lamp,27,150,70
2024-03-26,Zenith Air Enhancer,11,150,70
2024-03-27,Aura-Scent Diffuser,44,150,70
2024-03-27,Lumina Smart Lamp,25,150,70
2024-03-27,Zenith Air Enhancer,45,150,70
2024-03-28,Aura-Scent Diffuser,42,150,70
2024-03-28,Lumina Smart Lamp,13,150,70
2024-03-28,Zenith Air Enhancer,42,150,70
2024-03-29,Aura-Scent Diffuser,23,150,70
2024-03-29,Lumina Smart Lamp,30,150,70
2024-03-29,Zenith Air Enhancer,29,150,70
2024-03-30,Aura-Scent Diffuser,17,150,70
2024-03-30,Lumina Smart Lamp,16,150,70
2024-03-30,Zenith Air Enhancer,12,150,70
2024-03-31,Aura-Scent Diffuser,26,150,70
2024-03-31,Lumina Smart Lamp,42,150,70
2024-03-31,Zenith Air Enhancer,21,150,70
2024-04-01,Aura-Scent Diffuser,31,150,70
2024-04-01,Lumina Smart Lamp,31,150,70
2024-04-01,Zenith Air Enhancer,39,150,70
2024-04-02,Aura-Scent Diffuser,47,150,70
2024-04-02,Lumina Smart Lamp,47,150,70
2024-04-02,Zenith Air Enhancer,17,150,70
2024-04-03,Aura-Scent Diffuser,36,150,70
2024-04-03,Lumina Smart Lamp,36,150,70
2024-04-03,Zenith Air Enhancer,43,150,70
2024-04-04,Aura-Scent Diffuser,30,150,70
2024-04-04,Lumina Smart Lamp,39,150,70
2024-04-04,Zenith Air Enhancer,42,150,70
2024-04-05,Aura-Scent Diffuser,37,150,70
2024-04-05,Lumina Smart Lamp,42,150,70
2024-04-05,Zenith Air Enhancer,14,150,70
2024-04-06,Aura-Scent Diffuser,28,150,70
2024-04-06,Lumina Smart Lamp,13,150,70
2024-04-06,Zenith Air Enhancer,44,150,70
2024-04-07,Aura-Scent Diffuser,26,150,70
2024-04-07,Lumina Smart Lamp,37,150,70
2024-04-07,Zenith Air Enhancer,39,150,70
2024-04-08,Aura-Scent Diffuser,38,150,70
2024-04-08,Lumina Smart Lamp,15,150,70
2024-04-08,Zenith Air Enhancer,44,150,70
2024-04-09,Aura-Scent Diffuser,46,150,70
2024-04-09,Lumina Smart Lamp,33,150,70
2024-04-09,Zenith Air Enhancer,38,150,70
2024-04-10,Aura-Scent Diffuser,40,150,70
2024-04-10,Lumina Smart Lamp,44,150,70
2024-04-10,Zenith Air Enhancer,42,150,70
2024-04-11,Aura-Scent Diffuser,30,150,70
2024-04-11,Lumina Smart Lamp,41,150,70
2024-04-11,Zenith Air Enhancer,32,150,70
2024-04-12,Aura-Scent Diffuser,42,150,70
2024-04-12,Lumina Smart Lamp,12,150,70
2024-04-12,Zenith Air Enhancer,27,150,70
2024-04-13,Aura-Scent Diffuser,34,150,70
2024-04-13,Lumina Smart Lamp,40,150,70
2024-04-13,Zenith Air Enhancer,12,150,70
2024-04-14,Aura-Scent Diffuser,49,150,70
2024-04-14,Lumina Smart Lamp,33,150,70
2024-04-14,Zenith Air Enhancer,41,150,70
2024-04-15,Aura-Scent Diffuser,31,150,70
2024-04-15,Lumina Smart Lamp,32,150,70
2024-04-15,Zenith Air Enhancer,11,150,70
2024-04-16,Aura-Scent Diffuser,36,150,70
2024-04-16,Lumina Smart Lamp,11,150,70
2024-04-16,Zenith Air Enhancer,35,150,70
2024-04-17,Aura-Scent Diffuser,26,150,70
2024-04-17,Lumina Smart Lamp,49,150,70
2024-04-17,Zenith Air Enhancer,42,150,70
2024-04-18,Aura-Scent Diffuser,18,150,70
2024-04-18,Lumina Smart Lamp,48,150,70
2024-04-18,Zenith Air Enhancer,38,150,70
2024-04-19,Aura-Scent Diffuser,35,150,70
2024-04-19,Lumina Smart Lamp,44,150,70
2024-04-19,Zenith Air Enhancer,34,150,70
2024-04-20,Aura-Scent Diffuser,33,150,70
2024-04-20,Lumina Smart Lamp,22,150,70
2024-04-20,Zenith Air Enhancer,16,150,70
2024-04-21,Aura-Scent Diffuser,45,150,70
2024-04-21,Lumina Smart Lamp,29,150,70
2024-04-21,Zenith Air Enhancer,10,150,70
2024-04-22,Aura-Scent Diffuser,17,150,70
2024-04-22,Lumina Smart Lamp,25,150,70
2024-04-22,Zenith Air Enhancer,23,150,70
2024-04-23,Aura-Scent Diffuser,21,150,70
2024-04-23,Lumina Smart Lamp,32,150,70
2024-04-23,Zenith Air Enhancer,24,150,70
2024-04-24,Aura-Scent Diffuser,37,150,70
2024-04-24,Lumina Smart Lamp,43,150,70
2024-04-24,Zenith Air Enhancer,11,150,70
2024-04-25,Aura-Scent Diffuser,41,150,70
2024-04-25,Lumina Smart Lamp,32,150,70
2024-04-25,Zenith Air Enhancer,31,150,70
2024-04-26,Aura-Scent Diffuser,34,150,70
2024-04-26,Lumina Smart Lamp,31,150,70
2024-04-26,Zenith Air Enhancer,31,150,70
2024-04-27,Aura-Scent Diffuser,15,150,70
2024-04-27,Lumina Smart Lamp,24,150,70
2024-04-27,Zenith Air Enhancer,46,150,70
2024-04-28,Aura-Scent Diffuser,42,150,70
2024-04-28,Lumina Smart Lamp,17,150,70
2024-04-28,Zenith Air Enhancer,14,150,70
2024-04-29,Aura-Scent Diffuser,48,150,70
2024-04-29,Lumina Smart Lamp,13,150,70
2024-04-29,Zenith Air Enhancer,15,150,70
2024-04-30,Aura-Scent Diffuser,41,150,70
2024-04-30,Lumina Smart Lamp,39,150,70
2024-04-30,Zenith Air Enhancer,44,150,70
2024-05-01,Aura-Scent Diffuser,49,150,70
2024-05-01,Lumina Smart Lamp,25,150,70
2024-05-01,Zenith Air Enhancer,22,150,70
2024-05-02,Aura-Scent Diffuser,39,150,70
2024-05-02,Lumina Smart Lamp,28,150,70
2024-05-02,Zenith Air Enhancer,26,150,70
2024-05-03,Aura-Scent Diffuser,28,150,70
2024-05-03,Lumina Smart Lamp,37,150,70
2024-05-03,Zenith Air Enhancer,35,150,70
2024-05-04,Aura-Scent Diffuser,46,150,70
2024-05-04,Lumina Smart Lamp,35,150,70
2024-05-04,Zenith Air Enhancer,32,150,70
2024-05-05,Aura-Scent Diffuser,18,150,70
2024-05-05,Lumina Smart Lamp,21,150,70
2024-05-05,Zenith Air Enhancer,10,150,70
2024-05-06,Aura-Scent Diffuser,10,150,70
2024-05-06,Lumina Smart Lamp,43,150,70
2024-05-06,Zenith Air Enhancer,41,150,70
2024-05-07,Aura-Scent Diffuser,34,150,70
2024-05-07,Lumina Smart Lamp,49,150,70
2024-05-07,Zenith Air Enhancer,10,150,70
2024-05-08,Aura-Scent Diffuser,25,150,70
2024-05-08,Lumina Smart Lamp,48,150,70
2024-05-08,Zenith Air Enhancer,14,150,70
2024-05-09,Aura-Scent Diffuser,31,150,70
2024-05-09,Lumina Smart Lamp,38,150,70
2024-05-09,Zenith Air Enhancer,12,150,70
2024-05-10,Aura-Scent Diffuser,21,150,70
2024-05-10,Lumina Smart Lamp,35,150,70
2024-05-10,Zenith Air Enhancer,25,150,70
2024-05-11,Aura-Scent Diffuser,46,150,70
2024-05-11,Lumina Smart Lamp,31,150,70
2024-05-11,Zenith Air Enhancer,38,150,70
2024-05-12,Aura-Scent Diffuser,23,150,70
2024-05-12,Lumina Smart Lamp,37,150,70
2024-05-12,Zenith Air Enhancer,14,150,70
2024-05-13,Aura-Scent Diffuser,39,150,70
2024-05-13,Lumina Smart Lamp,14,150,70
2024-05-13,Zenith Air Enhancer,21,150,70
2024-05-14,Aura-Scent Diffuser,25,150,70
2024-05-14,Lumina Smart Lamp,35,150,70
2024-05-14,Zenith Air Enhancer,35,150,70
2024-05-15,Aura-Scent Diffuser,30,150,70
2024-05-15,Lumina Smart Lamp,48,150,70
2024-05-15,Zenith Air Enhancer,45,150,70
2024-05-16,Aura-Scent Diffuser,42,150,70
2024-05-16,Lumina Smart Lamp,39,150,70
2024-05-16,Zenith Air Enhancer,46,150,70
2024-05-17,Aura-Scent Diffuser,32,150,70
2024-05-17,Lumina Smart Lamp,19,150,70
2024-05-17,Zenith Air Enhancer,14,150,70
2024-05-18,Aura-Scent Diffuser,45,150,70
2024-05-18,Lumina Smart Lamp,43,150,70
2024-05-18,Zenith Air Enhancer,40,150,70
2024-05-19,Aura-Scent Diffuser,19,150,70
2024-05-19,Lumina Smart Lamp,28,150,70
2024-05-19,Zenith Air Enhancer,41,150,70
2024-05-20,Aura-Scent Diffuser,10,150,70
2024-05-20,Lumina Smart Lamp,14,150,70
2024-05-20,Zenith Air Enhancer,13,150,70
2024-05-21,Aura-Scent Diffuser,25,150,70
2024-05-21,Lumina Smart Lamp,33,150,70
2024-05-21,Zenith Air Enhancer,25,150,70
2024-05-22,Aura-Scent Diffuser,11,150,70
2024-05-22,Lumina Smart Lamp,37,150,70
2024-05-22,Zenith Air Enhancer,41,150,70
2024-05-23,Aura-Scent Diffuser,36,150,70
2024-05-23,Lumina Smart Lamp,29,150,70
2024-05-23,Zenith Air Enhancer,33,150,70
2024-05-24,Aura-Scent Diffuser,21,150,70
2024-05-24,Lumina Smart Lamp,44,150,70
2024-05-24,Zenith Air Enhancer,42,150,70
2024-05-25,Aura-Scent Diffuser,42,150,70
2024-05-25,Lumina Smart Lamp,46,150,70
2024-05-25,Zenith Air Enhancer,21,150,70
2024-05-26,Aura-Scent Diffuser,12,150,70
2024-05-26,Lumina Smart Lamp,10,150,70
2024-05-26,Zenith Air Enhancer,42,150,70
2024-05-27,Aura-Scent Diffuser,49,150,70
2024-05-27,Lumina Smart Lamp,19,150,70
2024-05-27,Zenith Air Enhancer,38,150,70
2024-05-28,Aura-Scent Diffuser,22,150,70
2024-05-28,Lumina Smart Lamp,21,150,70
2024-05-28,Zenith Air Enhancer,40,150,70
2024-05-29,Aura-Scent Diffuser,11,150,70
2024-05-29,Lumina Smart Lamp,44,150,70
2024-05-29,Zenith Air Enhancer,32,150,70
2024-05-30,Aura-Scent Diffuser,26,150,70
2024-05-30,Lumina Smart Lamp,35,150,70
2024-05-30,Zenith Air Enhancer,17,150,70
2024-05-31,Aura-Scent Diffuser,38,150,70
2024-05-31,Lumina Smart Lamp,35,150,70
2024-05-31,Zenith Air Enhancer,19,150,70
2024-06-01,Aura-Scent Diffuser,35,150,70
2024-06-01,Lumina Smart Lamp,43,150,70
2024-06-01,Zenith Air Enhancer,16,150,70
2024-06-02,Aura-Scent Diffuser,13,150,70
2024-06-02,Lumina Smart Lamp,20,150,70
2024-06-02,Zenith Air Enhancer,38,150,70
2024-06-03,Aura-Scent Diffuser,45,150,70
2024-06-03,Lumina Smart Lamp,34,150,70
2024-06-03,Zenith Air Enhancer,30,150,70
2024-06-04,Aura-Scent Diffuser,45,150,70
2024-06-04,Lumina Smart Lamp,19,150,70
2024-06-04,Zenith Air Enhancer,46,150,70
2024-06-05,Aura-Scent Diffuser,18,150,70
2024-06-05,Lumina Smart Lamp,33,150,70
2024-06-05,Zenith Air Enhancer,44,150,70
2024-06-06,Aura-Scent Diffuser,44,150,70
2024-06-06,Lumina Smart Lamp,45,150,70
2024-06-06,Zenith Air Enhancer,27,150,70
2024-06-07,Aura-Scent Diffuser,48,150,70
2024-06-07,Lumina Smart Lamp,41,150,70
2024-06-07,Zenith Air Enhancer,33,150,70
2024-06-08,Aura-Scent Diffuser,32,150,70
2024-06-08,Lumina Smart Lamp,41,150,70
2024-06-08,Zenith Air Enhancer,46,150,70
2024-06-09,Aura-Scent Diffuser,21,150,70
2024-06-09,Lumina Smart Lamp,22,150,70
2024-06-09,Zenith Air Enhancer,32,150,70
2024-06-10,Aura-Scent Diffuser,34,150,70
2024-06-10,Lumina Smart Lamp,44,150,70
2024-06-10,Zenith Air Enhancer,39,150,70
2024-06-11,Aura-Scent Diffuser,26,150,70
2024-06-11,Lumina Smart Lamp,29,150,70
2024-06-11,Zenith Air Enhancer,34,150,70
2024-06-12,Aura-Scent Diffuser,31,150,70
2024-06-12,Lumina Smart Lamp,22,150,70
2024-06-12,Zenith Air Enhancer,28,150,70
2024-06-13,Aura-Scent Diffuser,45,150,70
2024-06-13,Lumina Smart Lamp,21,150,70
2024-06-13,Zenith Air Enhancer,28,150,70
2024-06-14,Aura-Scent Diffuser,21,150,70
2024-06-14,Lumina Smart Lamp,18,150,70
2024-06-14,Zenith Air Enhancer,16,150,70
2024-06-15,Aura-Scent Diffuser,37,150,70
2024-06-15,Lumina Smart Lamp,23,150,70
2024-06-15,Zenith Air Enhancer,40,150,70
2024-06-16,Aura-Scent Diffuser,28,150,70
2024-06-16,Lumina Smart Lamp,25,150,70
2024-06-16,Zenith Air Enhancer,14,150,70
2024-06-17,Aura-Scent Diffuser,44,150,70
2024-06-17,Lumina Smart Lamp,21,150,70
2024-06-17,Zenith Air Enhancer,34,150,70
2024-06-18,Aura-Scent Diffuser,30,150,70
2024-06-18,Lumina Smart Lamp,45,150,70
2024-06-18,Zenith Air Enhancer,32,150,70
2024-06-19,Aura-Scent Diffuser,25,150,70
2024-06-19,Lumina Smart Lamp,48,150,70
2024-06-19,Zenith Air Enhancer,48,150,70
2024-06-20,Aura-Scent Diffuser,23,150,70
2024-06-20,Lumina Smart Lamp,40,150,70
2024-06-20,Zenith Air Enhancer,14,150,70
2024-06-21,Aura-Scent Diffuser,44,150,70
2024-06-21,Lumina Smart Lamp,32,150,70
2024-06-21,Zenith Air Enhancer,38,150,70
2024-06-22,Aura-Scent Diffuser,20,150,70
2024-06-22,Lumina Smart Lamp,27,150,70
2024-06-22,Zenith Air Enhancer,21,150,70
2024-06-23,Aura-Scent Diffuser,18,150,70
2024-06-23,Lumina Smart Lamp,19,150,70
2024-06-23,Zenith Air Enhancer,26,150,70
2024-06-24,Aura-Scent Diffuser,47,150,70
2024-06-24,Lumina Smart Lamp,16,150,70
2024-06-24,Zenith Air Enhancer,22,150,70
2024-06-25,Aura-Scent Diffuser,49,150,70
2024-06-25,Lumina Smart Lamp,18,150,70
2024-06-25,Zenith Air Enhancer,36,150,70
2024-06-26,Aura-Scent Diffuser,11,150,70
2024-06-26,Lumina Smart Lamp,14,150,70
2024-06-26,Zenith Air Enhancer,38,150,70
2024-06-27,Aura-Scent Diffuser,46,150,70
2024-06-27,Lumina Smart Lamp,47,150,70
2024-06-27,Zenith Air Enhancer,28,150,70
2024-06-28,Aura-Scent Diffuser,17,150,70
2024-06-28,Lumina Smart Lamp,10,150,70
2024-06-28,Zenith Air Enhancer,31,150,70
2024-06-29,Aura-Scent Diffuser,26,150,70
2024-06-29,Lumina Smart Lamp,16,150,70
2024-06-29,Zenith Air Enhancer,34,150,70
2024-06-30,Aura-Scent Diffuser,13,150,70
2024-06-30,Lumina Smart Lamp,45,150,70
2024-06-30,Zenith Air Enhancer,15,150,70
2024-07-01,Aura-Scent Diffuser,40,150,70
2024-07-01,Lumina Smart Lamp,28,150,70
2024-07-01,Zenith Air Enhancer,48,150,70
2024-07-02,Aura-Scent Diffuser,36,150,70
2024-07-02,Lumina Smart Lamp,19,150,70
2024-07-02,Zenith Air Enhancer,35,150,70
2024-07-03,Aura-Scent Diffuser,28,150,70
2024-07-03,Lumina Smart Lamp,48,150,70
2024-07-03,Zenith Air Enhancer,12,150,70
2024-07-04,Aura-Scent Diffuser,22,150,70
2024-07-04,Lumina Smart Lamp,37,150,70
2024-07-04,Zenith Air Enhancer,29,150,70
2024-07-05,Aura-Scent Diffuser,37,150,70
2024-07-05,Lumina Smart Lamp,17,150,70
2024-07-05,Zenith Air Enhancer,48,150,70
2024-07-06,Aura-Scent Diffuser,10,150,70
2024-07-06,Lumina Smart Lamp,12,150,70
2024-07-06,Zenith Air Enhancer,22,150,70
2024-07-07,Aura-Scent Diffuser,37,150,70
2024-07-07,Lumina Smart Lamp,34,150,70
2024-07-07,Zenith Air Enhancer,42,150,70
2024-07-08,Aura-Scent Diffuser,47,150,70
2024-07-08,Lumina Smart Lamp,15,150,70
2024-07-08,Zenith Air Enhancer,41,150,70
2024-07-09,Aura-Scent Diffuser,30,150,70
2024-07-09,Lumina Smart Lamp,25,150,70
2024-07-09,Zenith Air Enhancer,30,150,70
2024-07-10,Aura-Scent Diffuser,20,150,70
2024-07-10,Lumina Smart Lamp,46,150,70
2024-07-10,Zenith Air Enhancer,45,150,70
2024-07-11,Aura-Scent Diffuser,44,150,70
2024-07-11,Lumina Smart Lamp,28,150,70
2024-07-11,Zenith Air Enhancer,29,150,70
2024-07-12,Aura-Scent Diffuser,27,150,70
2024-07-12,Lumina Smart Lamp,23,150,70
2024-07-12,Zenith Air Enhancer,24,150,70
2024-07-13,Aura-Scent Diffuser,40,150,70
2024-07-13,Lumina Smart Lamp,10,150,70
2024-07-13,Zenith Air Enhancer,12,150,70
2024-07-14,Aura-Scent Diffuser,25,150,70
2024-07-14,Lumina Smart Lamp,32,150,70
2024-07-14,Zenith Air Enhancer,20,150,70
2024-07-15,Aura-Scent Diffuser,21,150,70
2024-07-15,Lumina Smart Lamp,19,150,70
2024-07-15,Zenith Air Enhancer,41,150,70
2024-07-16,Aura-Scent Diffuser,25,150,70
2024-07-16,Lumina Smart Lamp,17,150,70
2024-07-16,Zenith Air Enhancer,47,150,70
2024-07-17,Aura-Scent Diffuser,21,150,70
2024-07-17,Lumina Smart Lamp,33,150,70
2024-07-17,Zenith Air Enhancer,37,150,70
2024-07-18,Aura-Scent Diffuser,17,150,70
2024-07-18,Lumina Smart Lamp,37,150,70
2024-07-18,Zenith Air Enhancer,45,150,70
2024-07-19,Aura-Scent Diffuser,35,150,70
2024-07-19,Lumina Smart Lamp,17,150,70
2024-07-19,Zenith Air Enhancer,37,150,70
2024-07-20,Aura-Scent Diffuser,37,150,70
2024-07-20,Lumina Smart Lamp,46,150,70
2024-07-20,Zenith Air Enhancer,45,150,70
2024-07-21,Aura-Scent Diffuser,36,150,70
2024-07-21,Lumina Smart Lamp,26,150,70
2024-07-21,Zenith Air Enhancer,18,150,70
2024-07-22,Aura-Scent Diffuser,42,150,70
2024-07-22,Lumina Smart Lamp,29,150,70
2024-07-22,Zenith Air Enhancer,22,150,70
2024-07-23,Aura-Scent Diffuser,37,150,70
2024-07-23,Lumina Smart Lamp,38,150,70
2024-07-23,Zenith Air Enhancer,22,150,70
2024-07-24,Aura-Scent Diffuser,44,150,70
2024-07-24,Lumina Smart Lamp,15,150,70
2024-07-24,Zenith Air Enhancer,27,150,70
2024-07-25,Aura-Scent Diffuser,14,150,70
2024-07-25,Lumina Smart Lamp,34,150,70
2024-07-25,Zenith Air Enhancer,11,150,70
2024-07-26,Aura-Scent Diffuser,19,150,70
2024-07-26,Lumina Smart Lamp,39,150,70
2024-07-26,Zenith Air Enhancer,14,150,70
2024-07-27,Aura-Scent Diffuser,42,150,70
2024-07-27,Lumina Smart Lamp,10,150,70
2024-07-27,Zenith Air Enhancer,27,150,70
2024-07-28,Aura-Scent Diffuser,41,150,70
2024-07-28,Lumina Smart Lamp,20,150,70
2024-07-28,Zenith Air Enhancer,30,150,70
2024-07-29,Aura-Scent Diffuser,35,150,70
2024-07-29,Lumina Smart Lamp,34,150,70
2024-07-29,Zenith Air Enhancer,31,150,70
2024-07-30,Aura-Scent Diffuser,36,150,70
2024-07-30,Lumina Smart Lamp,22,150,70
2024-07-30,Zenith Air Enhancer,42,150,70
2024-07-31,Aura-Scent Diffuser,43,150,70
2024-07-31,Lumina Smart Lamp,44,150,70
2024-07-31,Zenith Air Enhancer,10,150,70
2024-08-01,Aura-Scent Diffuser,30,150,70
2024-08-01,Lumina Smart Lamp,15,150,70
2024-08-01,Zenith Air Enhancer,37,150,70
2024-08-02,Aura-Scent Diffuser,26,150,70
2024-08-02,Lumina Smart Lamp,14,150,70
2024-08-02,Zenith Air Enhancer,40,150,70
2024-08-03,Aura-Scent Diffuser,14,150,70
2024-08-03,Lumina Smart Lamp,47,150,70
2024-08-03,Zenith Air Enhancer,12,150,70
2024-08-04,Aura-Scent Diffuser,32,150,70
2024-08-04,Lumina Smart Lamp,46,150,70
2024-08-04,Zenith Air Enhancer,46,150,70
2024-08-05,Aura-Scent Diffuser,19,150,70
2024-08-05,Lumina Smart Lamp,19,150,70
2024-08-05,Zenith Air Enhancer,28,150,70
2024-08-06,Aura-Scent Diffuser,26,150,70
2024-08-06,Lumina Smart Lamp,30,150,70
2024-08-06,Zenith Air Enhancer,23,150,70
2024-08-07,Aura-Scent Diffuser,18,150,70
2024-08-07,Lumina Smart Lamp,10,150,70
2024-08-07,Zenith Air Enhancer,22,150,70
2024-08-08,Aura-Scent Diffuser,13,150,70
2024-08-08,Lumina Smart Lamp,10,150,70
2024-08-08,Zenith Air Enhancer,49,150,70
2024-08-09,Aura-Scent Diffuser,41,150,70
2024-08-09,Lumina Smart Lamp,43,150,70
2024-08-09,Zenith Air Enhancer,37,150,70
2024-08-10,Aura-Scent Diffuser,40,150,70
2024-08-10,Lumina Smart Lamp,17,150,70
2024-08-10,Zenith Air Enhancer,48,150,70
2024-08-11,Aura-Scent Diffuser,35,150,70
2024-08-11,Lumina Smart Lamp,43,150,70
2024-08-11,Zenith Air Enhancer,12,150,70
2024-08-12,Aura-Scent Diffuser,21,150,70
2024-08-12,Lumina Smart Lamp,10,150,70
2024-08-12,Zenith Air Enhancer,14,150,70
2024-08-13,Aura-Scent Diffuser,39,150,70
2024-08-13,Lumina Smart Lamp,39,150,70
2024-08-13,Zenith Air Enhancer,26,150,70
2024-08-14,Aura-Scent Diffuser,32,150,70
2024-08-14,Lumina Smart Lamp,24,150,70
2024-08-14,Zenith Air Enhancer,46,150,70
2024-08-15,Aura-Scent Diffuser,30,150,70
2024-08-15,Lumina Smart Lamp,23,150,70
2024-08-15,Zenith Air Enhancer,11,150,70
2024-08-16,Aura-Scent Diffuser,20,150,70
2024-08-16,Lumina Smart Lamp,48,150,70
2024-08-16,Zenith Air Enhancer,47,150,70
2024-08-17,Aura-Scent Diffuser,43,150,70
2024-08-17,Lumina Smart Lamp,47,150,70
2024-08-17,Zenith Air Enhancer,43,150,70
2024-08-18,Aura-Scent Diffuser,27,150,70
2024-08-18,Lumina Smart Lamp,39,150,70
2024-08-18,Zenith Air Enhancer,24,150,70
2024-08-19,Aura-Scent Diffuser,36,150,70
2024-08-19,Lumina Smart Lamp,43,150,70
2024-08-19,Zenith Air Enhancer,47,150,70
2024-08-20,Aura-Scent Diffuser,42,150,70
2024-08-20,Lumina Smart Lamp,33,150,70
2024-08-20,Zenith Air Enhancer,24,150,70
2024-08-21,Aura-Scent Diffuser,39,150,70
2024-08-21,Lumina Smart Lamp,26,150,70
2024-08-21,Zenith Air Enhancer,14,150,70
2024-08-22,Aura-Scent Diffuser,38,150,70
2024-08-22,Lumina Smart Lamp,13,150,70
2024-08-22,Zenith Air Enhancer,19,150,70
2024-08-23,Aura-Scent Diffuser,26,150,70
2024-08-23,Lumina Smart Lamp,19,150,70
2024-08-23,Zenith Air Enhancer,26,150,70
2024-08-24,Aura-Scent Diffuser,29,150,70
2024-08-24,Lumina Smart Lamp,33,150,70
2024-08-24,Zenith Air Enhancer,14,150,70
2024-08-25,Aura-Scent Diffuser,43,150,70
2024-08-25,Lumina Smart Lamp,15,150,70
2024-08-25,Zenith Air Enhancer,11,150,70
2024-08-26,Aura-Scent Diffuser,22,150,70
2024-08-26,Lumina Smart Lamp,20,150,70
2024-08-26,Zenith Air Enhancer,32,150,70
2024-08-27,Aura-Scent Diffuser,25,150,70
2024-08-27,Lumina Smart Lamp,40,150,70
2024-08-27,Zenith Air Enhancer,20,150,70
2024-08-28,Aura-Scent Diffuser,25,150,70
2024-08-28,Lumina Smart Lamp,17,150,70
2024-08-28,Zenith Air Enhancer,13,150,70
2024-08-29,Aura-Scent Diffuser,49,150,70
2024-08-29,Lumina Smart Lamp,13,150,70
2024-08-29,Zenith Air Enhancer,34,150,70
2024-08-30,Aura-Scent Diffuser,12,150,70
2024-08-30,Lumina Smart Lamp,41,150,70
2024-08-30,Zenith Air Enhancer,12,150,70
2024-08-31,Aura-Scent Diffuser,36,150,70
2024-08-31,Lumina Smart Lamp,38,150,70
2024-08-31,Zenith Air Enhancer,41,150,70
2024-09-01,Aura-Scent Diffuser,28,150,70
2024-09-01,Lumina Smart Lamp,30,150,70
2024-09-01,Zenith Air Enhancer,14,150,70
2024-09-02,Aura-Scent Diffuser,27,150,70
2024-09-02,Lumina Smart Lamp,37,150,70
2024-09-02,Zenith Air Enhancer,31,150,70
2024-09-03,Aura-Scent Diffuser,30,150,70
2024-09-03,Lumina Smart Lamp,15,150,70
2024-09-03,Zenith Air Enhancer,10,150,70
2024-09-04,Aura-Scent Diffuser,14,150,70
2024-09-04,Lumina Smart Lamp,21,150,70
2024-09-04,Zenith Air Enhancer,35,150,70
2024-09-05,Aura-Scent Diffuser,43,150,70
2024-09-05,Lumina Smart Lamp,23,150,70
2024-09-05,Zenith Air Enhancer,35,150,70
2024-09-06,Aura-Scent Diffuser,36,150,70
2024-09-06,Lumina Smart Lamp,18,150,70
2024-09-06,Zenith Air Enhancer,35,150,70
2024-09-07,Aura-Scent Diffuser,31,150,70
2024-09-07,Lumina Smart Lamp,39,150,70
2024-09-07,Zenith Air Enhancer,26,150,70
2024-09-08,Aura-Scent Diffuser,35,150,70
2024-09-08,Lumina Smart Lamp,45,150,70
2024-09-08,Zenith Air Enhancer,10,150,70
2024-09-09,Aura-Scent Diffuser,17,150,70
2024-09-09,Lumina Smart Lamp,44,150,70
2024-09-09,Zenith Air Enhancer,24,150,70
2024-09-10,Aura-Scent Diffuser,31,150,70
2024-09-10,Lumina Smart Lamp,23,150,70
2024-09-10,Zenith Air Enhancer,35,150,70
2024-09-11,Aura-Scent Diffuser,37,150,70
2024-09-11,Lumina Smart Lamp,32,150,70
2024-09-11,Zenith Air Enhancer,23,150,70
2024-09-12,Aura-Scent Diffuser,33,150,70
2024-09-12,Lumina Smart Lamp,11,150,70
2024-09-12,Zenith Air Enhancer,35,150,70
2024-09-13,Aura-Scent Diffuser,23,150,70
2024-09-13,Lumina Smart Lamp,16,150,70
2024-09-13,Zenith Air Enhancer,12,150,70
2024-09-14,Aura-Scent Diffuser,32,150,70
2024-09-14,Lumina Smart Lamp,27,150,70
2024-09-14,Zenith Air Enhancer,47,150,70
2024-09-15,Aura-Scent Diffuser,44,150,70
2024-09-15,Lumina Smart Lamp,24,150,70
2024-09-15,Zenith Air Enhancer,34,150,70
2024-09-16,Aura-Scent Diffuser,46,150,70
2024-09-16,Lumina Smart Lamp,37,150,70
2024-09-16,Zenith Air Enhancer,19,150,70
2024-09-17,Aura-Scent Diffuser,48,150,70
2024-09-17,Lumina Smart Lamp,26,150,70
2024-09-17,Zenith Air Enhancer,48,150,70
2024-09-18,Aura-Scent Diffuser,31,150,70
2024-09-18,Lumina Smart Lamp,35,150,70
2024-09-18,Zenith Air Enhancer,34,150,70
2024-09-19,Aura-Scent Diffuser,26,150,70
2024-09-19,Lumina Smart Lamp,22,150,70
2024-09-19,Zenith Air Enhancer,29,150,70
2024-09-20,Aura-Scent Diffuser,34,150,70
2024-09-20,Lumina Smart Lamp,13,150,70
2024-09-20,Zenith Air Enhancer,19,150,70
2024-09-21,Aura-Scent Diffuser,12,150,70
2024-09-21,Lumina Smart Lamp,27,150,70
2024-09-21,Zenith Air Enhancer,45,150,70
2024-09-22,Aura-Scent Diffuser,31,150,70
2024-09-22,Lumina Smart Lamp,43,150,70
2024-09-22,Zenith Air Enhancer,17,150,70
2024-09-23,Aura-Scent Diffuser,49,150,70
2024-09-23,Lumina Smart Lamp,28,150,70
2024-09-23,Zenith Air Enhancer,46,150,70
2024-09-24,Aura-Scent Diffuser,15,150,70
2024-09-24,Lumina Smart Lamp,35,150,70
2024-09-24,Zenith Air Enhancer,43,150,70
2024-09-25,Aura-Scent Diffuser,15,150,70
2024-09-25,Lumina Smart Lamp,46,150,70
2024-09-25,Zenith Air Enhancer,42,150,70
2024-09-26,Aura-Scent Diffuser,31,150,70
2024-09-26,Lumina Smart Lamp,30,150,70
2024-09-26,Zenith Air Enhancer,15,150,70
2024-09-27,Aura-Scent Diffuser,15,150,70
2024-09-27,Lumina Smart Lamp,13,150,70
2024-09-27,Zenith Air Enhancer,39,150,70
2024-09-28,Aura-Scent Diffuser,20,150,70
2024-09-28,Lumina Smart Lamp,39,150,70
2024-09-28,Zenith Air Enhancer,40,150,70
2024-09-29,Aura-Scent Diffuser,33,150,70
2024-09-29,Lumina Smart Lamp,18,150,70
2024-09-29,Zenith Air Enhancer,12,150,70
2024-09-30,Aura-Scent Diffuser,40,150,70
2024-09-30,Lumina Smart Lamp,49,150,70
2024-09-30,Zenith Air Enhancer,46,150,70
2024-10-01,Aura-Scent Diffuser,45,150,70
2024-10-01,Lumina Smart Lamp,33,150,70
2024-10-01,Zenith Air Enhancer,40,150,70
2024-10-02,Aura-Scent Diffuser,15,150,70
2024-10-02,Lumina Smart Lamp,11,150,70
2024-10-02,Zenith Air Enhancer,29,150,70
2024-10-03,Aura-Scent Diffuser,37,150,70
2024-10-03,Lumina Smart Lamp,20,150,70
2024-10-03,Zenith Air Enhancer,13,150,70
2024-10-04,Aura-Scent Diffuser,24,150,70
2024-10-04,Lumina Smart Lamp,15,150,70
2024-10-04,Zenith Air Enhancer,39,150,70
2024-10-05,Aura-Scent Diffuser,47,150,70
2024-10-05,Lumina Smart Lamp,11,150,70
2024-10-05,Zenith Air Enhancer,24,150,70
2024-10-06,Aura-Scent Diffuser,20,150,70
2024-10-06,Lumina Smart Lamp,17,150,70
2024-10-06,Zenith Air Enhancer,35,150,70
2024-10-07,Aura-Scent Diffuser,14,150,70
2024-10-07,Lumina Smart Lamp,15,150,70
2024-10-07,Zenith Air Enhancer,35,150,70
2024-10-08,Aura-Scent Diffuser,13,150,70
2024-10-08,Lumina Smart Lamp,28,150,70
2024-10-08,Zenith Air Enhancer,29,150,70
2024-10-09,Aura-Scent Diffuser,42,150,70
2024-10-09,Lumina Smart Lamp,29,150,70
2024-10-09,Zenith Air Enhancer,21,150,70
2024-10-10,Aura-Scent Diffuser,10,150,70
2024-10-10,Lumina Smart Lamp,35,150,70
2024-10-10,Zenith Air Enhancer,23,150,70
2024-10-11,Aura-Scent Diffuser,47,150,70
2024-10-11,Lumina Smart Lamp,46,150,70
2024-10-11,Zenith Air Enhancer,20,150,70
2024-10-12,Aura-Scent Diffuser,45,150,70
2024-10-12,Lumina Smart Lamp,22,150,70
2024-10-12,Zenith Air Enhancer,12,150,70
2024-10-13,Aura-Scent Diffuser,42,150,70
2024-10-13,Lumina Smart Lamp,15,150,70
2024-10-13,Zenith Air Enhancer,19,150,70
2024-10-14,Aura-Scent Diffuser,14,150,70
2024-10-14,Lumina Smart Lamp,32,150,70
2024-10-14,Zenith Air Enhancer,19,150,70
2024-10-15,Aura-Scent Diffuser,11,150,70
2024-10-15,Lumina Smart Lamp,22,150,70
2024-10-15,Zenith Air Enhancer,49,150,70
2024-10-16,Aura-Scent Diffuser,11,150,70
2024-10-16,Lumina Smart Lamp,29,150,70
2024-10-16,Zenith Air Enhancer,10,150,70
2024-10-17,Aura-Scent Diffuser,46,150,70
2024-10-17,Lumina Smart Lamp,18,150,70
2024-10-17,Zenith Air Enhancer,26,150,70
2024-10-18,Aura-Scent Diffuser,18,150,70
2024-10-18,Lumina Smart Lamp,20,150,70
2024-10-18,Zenith Air Enhancer,24,150,70
2024-10-19,Aura-Scent Diffuser,33,150,70
2024-10-19,Lumina Smart Lamp,47,150,70
2024-10-19,Zenith Air Enhancer,44,150,70
2024-10-20,Aura-Scent Diffuser,39,150,70
2024-10-20,Lumina Smart Lamp,40,150,70
2024-10-20,Zenith Air Enhancer,14,150,70
2024-10-21,Aura-Scent Diffuser,23,150,70
2024-10-21,Lumina Smart Lamp,20,150,70
2024-10-21,Zenith Air Enhancer,18,150,70
2024-10-22,Aura-Scent Diffuser,43,150,70
2024-10-22,Lumina Smart Lamp,21,150,70
2024-10-22,Zenith Air Enhancer,44,150,70
2024-10-23,Aura-Scent Diffuser,44,150,70
2024-10-23,Lumina Smart Lamp,10,150,70
2024-10-23,Zenith Air Enhancer,49,150,70
2024-10-24,Aura-Scent Diffuser,31,150,70
2024-10-24,Lumina Smart Lamp,38,150,70
2024-10-24,Zenith Air Enhancer,17,150,70
2024-10-25,Aura-Scent Diffuser,20,150,70
2024-10-25,Lumina Smart Lamp,46,150,70
2024-10-25,Zenith Air Enhancer,23,150,70
2024-10-26,Aura-Scent Diffuser,39,150,70
2024-10-26,Lumina Smart Lamp,44,150,70
2024-10-26,Zenith Air Enhancer,30,150,70
2024-10-27,Aura-Scent Diffuser,46,150,70
2024-10-27,Lumina Smart Lamp,14,150,70
2024-10-27,Zenith Air Enhancer,28,150,70
2024-10-28,Aura-Scent Diffuser,23,150,70
2024-10-28,Lumina Smart Lamp,35,150,70
2024-10-28,Zenith Air Enhancer,13,150,70
2024-10-29,Aura-Scent Diffuser,34,150,70
2024-10-29,Lumina Smart Lamp,34,150,70
2024-10-29,Zenith Air Enhancer,27,150,70
2024-10-30,Aura-Scent Diffuser,49,150,70
2024-10-30,Lumina Smart Lamp,17,150,70
2024-10-30,Zenith Air Enhancer,48,150,70
2024-10-31,Aura-Scent Diffuser,49,150,70
2024-10-31,Lumina Smart Lamp,23,150,70
2024-10-31,Zenith Air Enhancer,41,150,70
2024-11-01,Aura-Scent Diffuser,47,150,70
2024-11-01,Lumina Smart Lamp,42,150,70
2024-11-01,Zenith Air Enhancer,32,150,70
2024-11-02,Aura-Scent Diffuser,24,150,70
2024-11-02,Lumina Smart Lamp,42,150,70
2024-11-02,Zenith Air Enhancer,34,150,70
2024-11-03,Aura-Scent Diffuser,26,150,70
2024-11-03,Lumina Smart Lamp,42,150,70
2024-11-03,Zenith Air Enhancer,11,150,70
2024-11-04,Aura-Scent Diffuser,23,150,70
2024-11-04,Lumina Smart Lamp,49,150,70
2024-11-04,Zenith Air Enhancer,49,150,70
2024-11-05,Aura-Scent Diffuser,48,150,70
2024-11-05,Lumina Smart Lamp,15,150,70
2024-11-05,Zenith Air Enhancer,15,150,70
2024-11-06,Aura-Scent Diffuser,12,150,70
2024-11-06,Lumina Smart Lamp,16,150,70
2024-11-06,Zenith Air Enhancer,17,150,70
2024-11-07,Aura-Scent Diffuser,24,150,70
2024-11-07,Lumina Smart Lamp,38,150,70
2024-11-07,Zenith Air Enhancer,42,150,70
2024-11-08,Aura-Scent Diffuser,39,150,70
2024-11-08,Lumina Smart Lamp,48,150,70
2024-11-08,Zenith Air Enhancer,36,150,70
2024-11-09,Aura-Scent Diffuser,45,150,70
2024-11-09,Lumina Smart Lamp,38,150,70
2024-11-09,Zenith Air Enhancer,47,150,70
2024-11-10,Aura-Scent Diffuser,42,150,70
2024-11-10,Lumina Smart Lamp,46,150,70
2024-11-10,Zenith Air Enhancer,36,150,70
2024-11-11,Aura-Scent Diffuser,42,150,70
2024-11-11,Lumina Smart Lamp,13,150,70
2024-11-11,Zenith Air Enhancer,31,150,70
2024-11-12,Aura-Scent Diffuser,11,150,70
2024-11-12,Lumina Smart Lamp,19,150,70
2024-11-12,Zenith Air Enhancer,14,150,70
2024-11-13,Aura-Scent Diffuser,19,150,70
2024-11-13,Lumina Smart Lamp,42,150,70
2024-11-13,Zenith Air Enhancer,47,150,70
2024-11-14,Aura-Scent Diffuser,22,150,70
2024-11-14,Lumina Smart Lamp,40,150,70
2024-11-14,Zenith Air Enhancer,45,150,70
2024-11-15,Aura-Scent Diffuser,33,150,70
2024-11-15,Lumina Smart Lamp,24,150,70
2024-11-15,Zenith Air Enhancer,38,150,70
2024-11-16,Aura-Scent Diffuser,17,150,70
2024-11-16,Lumina Smart Lamp,14,150,70
2024-11-16,Zenith Air Enhancer,38,150,70
2024-11-17,Aura-Scent Diffuser,13,150,70
2024-11-17,Lumina Smart Lamp,21,150,70
2024-11-17,Zenith Air Enhancer,11,150,70
2024-11-18,Aura-Scent Diffuser,36,150,70
2024-11-18,Lumina Smart Lamp,40,150,70
2024-11-18,Zenith Air Enhancer,45,150,70
2024-11-19,Aura-Scent Diffuser,45,150,70
2024-11-19,Lumina Smart Lamp,35,150,70
2024-11-19,Zenith Air Enhancer,36,150,70
2024-11-20,Aura-Scent Diffuser,14,150,70
2024-11-20,Lumina Smart Lamp,29,150,70
2024-11-20,Zenith Air Enhancer,20,150,70
2024-11-21,Aura-Scent Diffuser,19,150,70
2024-11-21,Lumina Smart Lamp,49,150,70
2024-11-21,Zenith Air Enhancer,47,150,70
2024-11-22,Aura-Scent Diffuser,15,150,70
2024-11-22,Lumina Smart Lamp,17,150,70
2024-11-22,Zenith Air Enhancer,32,150,70
2024-11-23,Aura-Scent Diffuser,35,150,70
2024-11-23,Lumina Smart Lamp,21,150,70
2024-11-23,Zenith Air Enhancer,35,150,70
2024-11-24,Aura-Scent Diffuser,22,150,70
2024-11-24,Lumina Smart Lamp,49,150,70
2024-11-24,Zenith Air Enhancer,27,150,70
2024-11-25,Aura-Scent Diffuser,34,150,70
2024-11-25,Lumina Smart Lamp,42,150,70
2024-11-25,Zenith Air Enhancer,49,150,70
2024-11-26,Aura-Scent Diffuser,21,150,70
2024-11-26,Lumina Smart Lamp,45,150,70
2024-11-26,Zenith Air Enhancer,13,150,70
2024-11-27,Aura-Scent Diffuser,14,150,70
2024-11-27,Lumina Smart Lamp,46,150,70
2024-11-27,Zenith Air Enhancer,17,150,70
2024-11-28,Aura-Scent Diffuser,37,150,70
2024-11-28,Lumina Smart Lamp,40,150,70
2024-11-28,Zenith Air Enhancer,18,150,70
2024-11-29,Aura-Scent Diffuser,38,150,70
2024-11-29,Lumina Smart Lamp,23,150,70
2024-11-29,Zenith Air Enhancer,49,150,70
2024-11-30,Aura-Scent Diffuser,31,150,70
2024-11-30,Lumina Smart Lamp,20,150,70
2024-11-30,Zenith Air Enhancer,32,150,70
2024-12-01,Aura-Scent Diffuser,10,150,70
2024-12-01,Lumina Smart Lamp,46,150,70
2024-12-01,Zenith Air Enhancer,30,150,70
2024-12-02,Aura-Scent Diffuser,35,150,70
2024-12-02,Lumina Smart Lamp,45,150,70
2024-12-02,Zenith Air Enhancer,32,150,70
2024-12-03,Aura-Scent Diffuser,10,150,70
2024-12-03,Lumina Smart Lamp,49,150,70
2024-12-03,Zenith Air Enhancer,24,150,70
2024-12-04,Aura-Scent Diffuser,30,150,70
2024-12-04,Lumina Smart Lamp,18,150,70
2024-12-04,Zenith Air Enhancer,18,150,70
2024-12-05,Aura-Scent Diffuser,19,150,70
2024-12-05,Lumina Smart Lamp,35,150,70
2024-12-05,Zenith Air Enhancer,44,150,70
2024-12-06,Aura-Scent Diffuser,34,150,70
2024-12-06,Lumina Smart Lamp,35,150,70
2024-12-06,Zenith Air Enhancer,20,150,70
2024-12-07,Aura-Scent Diffuser,47,150,70
2024-12-07,Lumina Smart Lamp,11,150,70
2024-12-07,Zenith Air Enhancer,16,150,70
2024-12-08,Aura-Scent Diffuser,27,150,70
2024-12-08,Lumina Smart Lamp,36,150,70
2024-12-08,Zenith Air Enhancer,43,150,70
2024-12-09,Aura-Scent Diffuser,36,150,70
2024-12-09,Lumina Smart Lamp,26,150,70
2024-12-09,Zenith Air Enhancer,33,150,70
2024-12-10,Aura-Scent Diffuser,34,150,70
2024-12-10,Lumina Smart Lamp,16,150,70
2024-12-10,Zenith Air Enhancer,15,150,70
2024-12-11,Aura-Scent Diffuser,33,150,70
2024-12-11,Lumina Smart Lamp,42,150,70
2024-12-11,Zenith Air Enhancer,38,150,70
2024-12-12,Aura-Scent Diffuser,31,150,70
2024-12-12,Lumina Smart Lamp,35,150,70
2024-12-12,Zenith Air Enhancer,37,150,70
2024-12-13,Aura-Scent Diffuser,30,150,70
2024-12-13,Lumina Smart Lamp,16,150,70
2024-12-13,Zenith Air Enhancer,26,150,70
2024-12-14,Aura-Scent Diffuser,29,150,70
2024-12-14,Lumina Smart Lamp,29,150,70
2024-12-14,Zenith Air Enhancer,31,150,70
2024-12-15,Aura-Scent Diffuser,37,150,70
2024-12-15,Lumina Smart Lamp,49,150,70
2024-12-15,Zenith Air Enhancer,16,150,70
2024-12-16,Aura-Scent Diffuser,10,150,70
2024-12-16,Lumina Smart Lamp,41,150,70
2024-12-16,Zenith Air Enhancer,22,150,70
2024-12-17,Aura-Scent Diffuser,39,150,70
2024-12-17,Lumina Smart Lamp,32,150,70
2024-12-17,Zenith Air Enhancer,28,150,70
2024-12-18,Aura-Scent Diffuser,41,150,70
2024-12-18,Lumina Smart Lamp,39,150,70
2024-12-18,Zenith Air Enhancer,38,150,70
2024-12-19,Aura-Scent Diffuser,38,150,70
2024-12-19,Lumina Smart Lamp,39,150,70
2024-12-19,Zenith Air Enhancer,25,150,70
2024-12-20,Aura-Scent Diffuser,49,150,70
2024-12-20,Lumina Smart Lamp,28,150,70
2024-12-20,Zenith Air Enhancer,27,150,70
2024-12-21,Aura-Scent Diffuser,10,150,70
2024-12-21,Lumina Smart Lamp,23,150,70
2024-12-21,Zenith Air Enhancer,11,150,70
2024-12-22,Aura-Scent Diffuser,37,150,70
2024-12-22,Lumina Smart Lamp,39,150,70
2024-12-22,Zenith Air Enhancer,47,150,70
2024-12-23,Aura-Scent Diffuser,13,150,70
2024-12-23,Lumina Smart Lamp,10,150,70
2024-12-23,Zenith Air Enhancer,17,150,70
2024-12-24,Aura-Scent Diffuser,38,150,70
2024-12-24,Lumina Smart Lamp,48,150,70
2024-12-24,Zenith Air Enhancer,12,150,70
2024-12-25,Aura-Scent Diffuser,41,150,70
2024-12-25,Lumina Smart Lamp,19,150,70
2024-12-25,Zenith Air Enhancer,19,150,70
2024-12-26,Aura-Scent Diffuser,28,150,70
2024-12-26,Lumina Smart Lamp,43,150,70
2024-12-26,Zenith Air Enhancer,42,150,70
2024-12-27,Aura-Scent Diffuser,32,150,70
2024-12-27,Lumina Smart Lamp,37,150,70
2024-12-27,Zenith Air Enhancer,41,150,70
2024-12-28,Aura-Scent Diffuser,16,150,70
2024-12-28,Lumina Smart Lamp,38,150,70
2024-12-28,Zenith Air Enhancer,17,150,70
2024-12-29,Aura-Scent Diffuser,10,150,70
2024-12-29,Lumina Smart Lamp,12,150,70
2024-12-29,Zenith Air Enhancer,33,150,70
2024-12-30,Aura-Scent Diffuser,32,150,70
2024-12-30,Lumina Smart Lamp,17,150,70
2024-12-30,Zenith Air Enhancer,46,150,70
2024-12-31,Aura-Scent Diffuser,12,150,70
2024-12-31,Lumina Smart Lamp,42,150,70
2024-12-31,Zenith Air Enhancer,37,150,70
2025-01-01,Aura-Scent Diffuser,17,160,85
2025-01-01,Lumina Smart Lamp,43,160,85
2025-01-01,Zenith Air Enhancer,44,160,85
2025-01-02,Aura-Scent Diffuser,41,160,85
2025-01-02,Lumina Smart Lamp,33,160,85
2025-01-02,Zenith Air Enhancer,23,160,85
2025-01-03,Aura-Scent Diffuser,41,160,85
2025-01-03,Lumina Smart Lamp,25,160,85
2025-01-03,Zenith Air Enhancer,13,160,85
2025-01-04,Aura-Scent Diffuser,46,160,85
2025-01-04,Lumina Smart Lamp,30,160,85
2025-01-04,Zenith Air Enhancer,23,160,85
2025-01-05,Aura-Scent Diffuser,40,160,85
2025-01-05,Lumina Smart Lamp,27,160,85
2025-01-05,Zenith Air Enhancer,16,160,85
2025-01-06,Aura-Scent Diffuser,19,160,85
2025-01-06,Lumina Smart Lamp,16,160,85
2025-01-06,Zenith Air Enhancer,42,160,85
2025-01-07,Aura-Scent Diffuser,32,160,85
2025-01-07,Lumina Smart Lamp,30,160,85
2025-01-07,Zenith Air Enhancer,28,160,85
2025-01-08,Aura-Scent Diffuser,28,160,85
2025-01-08,Lumina Smart Lamp,45,160,85
2025-01-08,Zenith Air Enhancer,38,160,85
2025-01-09,Aura-Scent Diffuser,27,160,85
2025-01-09,Lumina Smart Lamp,11,160,85
2025-01-09,Zenith Air Enhancer,10,160,85
2025-01-10,Aura-Scent Diffuser,14,160,85
2025-01-10,Lumina Smart Lamp,29,160,85
2025-01-10,Zenith Air Enhancer,20,160,85
2025-01-11,Aura-Scent Diffuser,11,160,85
2025-01-11,Lumina Smart Lamp,12,160,85
2025-01-11,Zenith Air Enhancer,32,160,85
2025-01-12,Aura-Scent Diffuser,21,160,85
2025-01-12,Lumina Smart Lamp,29,160,85
2025-01-12,Zenith Air Enhancer,14,160,85
2025-01-13,Aura-Scent Diffuser,46,160,85
2025-01-13,Lumina Smart Lamp,47,160,85
2025-01-13,Zenith Air Enhancer,39,160,85
2025-01-14,Aura-Scent Diffuser,18,160,85
2025-01-14,Lumina Smart Lamp,43,160,85
2025-01-14,Zenith Air Enhancer,44,160,85
2025-01-15,Aura-Scent Diffuser,31,160,85
2025-01-15,Lumina Smart Lamp,33,160,85
2025-01-15,Zenith Air Enhancer,26,160,85
2025-01-16,Aura-Scent Diffuser,19,160,85
2025-01-16,Lumina Smart Lamp,39,160,85
2025-01-16,Zenith Air Enhancer,32,160,85
2025-01-17,Aura-Scent Diffuser,41,160,85
2025-01-17,Lumina Smart Lamp,26,160,85
2025-01-17,Zenith Air Enhancer,26,160,85
2025-01-18,Aura-Scent Diffuser,23,160,85
2025-01-18,Lumina Smart Lamp,18,160,85
2025-01-18,Zenith Air Enhancer,49,160,85
2025-01-19,Aura-Scent Diffuser,11,160,85
2025-01-19,Lumina Smart Lamp,34,160,85
2025-01-19,Zenith Air Enhancer,48,160,85
2025-01-20,Aura-Scent Diffuser,18,160,85
2025-01-20,Lumina Smart Lamp,31,160,85
2025-01-20,Zenith Air Enhancer,13,160,85
2025-01-21,Aura-Scent Diffuser,35,160,85
2025-01-21,Lumina Smart Lamp,38,160,85
2025-01-21,Zenith Air Enhancer,43,160,85
2025-01-22,Aura-Scent Diffuser,32,160,85
2025-01-22,Lumina Smart Lamp,46,160,85
2025-01-22,Zenith Air Enhancer,20,160,85
2025-01-23,Aura-Scent Diffuser,15,160,85
2025-01-23,Lumina Smart Lamp,27,160,85
2025-01-23,Zenith Air Enhancer,30,160,85
2025-01-24,Aura-Scent Diffuser,45,160,85
2025-01-24,Lumina Smart Lamp,47,160,85
2025-01-24,Zenith Air Enhancer,43,160,85
2025-01-25,Aura-Scent Diffuser,26,160,85
2025-01-25,Lumina Smart Lamp,46,160,85
2025-01-25,Zenith Air Enhancer,34,160,85
2025-01-26,Aura-Scent Diffuser,47,160,85
2025-01-26,Lumina Smart Lamp,21,160,85
2025-01-26,Zenith Air Enhancer,32,160,85
2025-01-27,Aura-Scent Diffuser,31,160,85
2025-01-27,Lumina Smart Lamp,30,160,85
2025-01-27,Zenith Air Enhancer,36,160,85
2025-01-28,Aura-Scent Diffuser,40,160,85
2025-01-28,Lumina Smart Lamp,15,160,85
2025-01-28,Zenith Air Enhancer,36,160,85
2025-01-29,Aura-Scent Diffuser,49,160,85
2025-01-29,Lumina Smart Lamp,43,160,85
2025-01-29,Zenith Air Enhancer,21,160,85
2025-01-30,Aura-Scent Diffuser,16,160,85
2025-01-30,Lumina Smart Lamp,19,160,85
2025-01-30,Zenith Air Enhancer,26,160,85
2025-01-31,Aura-Scent Diffuser,35,160,85
2025-01-31,Lumina Smart Lamp,30,160,85
2025-01-31,Zenith Air Enhancer,37,160,85
2025-02-01,Aura-Scent Diffuser,11,160,85
2025-02-01,Lumina Smart Lamp,10,160,85
2025-02-01,Zenith Air Enhancer,45,160,85
2025-02-02,Aura-Scent Diffuser,35,160,85
2025-02-02,Lumina Smart Lamp,38,160,85
2025-02-02,Zenith Air Enhancer,30,160,85
2025-02-03,Aura-Scent Diffuser,20,160,85
2025-02-03,Lumina Smart Lamp,49,160,85
2025-02-03,Zenith Air Enhancer,20,160,85
2025-02-04,Aura-Scent Diffuser,45,160,85
2025-02-04,Lumina Smart Lamp,48,160,85
2025-02-04,Zenith Air Enhancer,49,160,85
2025-02-05,Aura-Scent Diffuser,44,160,85
2025-02-05,Lumina Smart Lamp,43,160,85
2025-02-05,Zenith Air Enhancer,33,160,85
2025-02-06,Aura-Scent Diffuser,31,160,85
2025-02-06,Lumina Smart Lamp,14,160,85
2025-02-06,Zenith Air Enhancer,42,160,85
2025-02-07,Aura-Scent Diffuser,45,160,85
2025-02-07,Lumina Smart Lamp,29,160,85
2025-02-07,Zenith Air Enhancer,28,160,85
2025-02-08,Aura-Scent Diffuser,44,160,85
2025-02-08,Lumina Smart Lamp,26,160,85
2025-02-08,Zenith Air Enhancer,43,160,85
2025-02-09,Aura-Scent Diffuser,18,160,85
2025-02-09,Lumina Smart Lamp,35,160,85
2025-02-09,Zenith Air Enhancer,11,160,85
2025-02-10,Aura-Scent Diffuser,18,160,85
2025-02-10,Lumina Smart Lamp,18,160,85
2025-02-10,Zenith Air Enhancer,49,160,85
2025-02-11,Aura-Scent Diffuser,26,160,85
2025-02-11,Lumina Smart Lamp,10,160,85
2025-02-11,Zenith Air Enhancer,34,160,85
2025-02-12,Aura-Scent Diffuser,49,160,85
2025-02-12,Lumina Smart Lamp,34,160,85
2025-02-12,Zenith Air Enhancer,48,160,85
2025-02-13,Aura-Scent Diffuser,44,160,85
2025-02-13,Lumina Smart Lamp,12,160,85
2025-02-13,Zenith Air Enhancer,46,160,85
2025-02-14,Aura-Scent Diffuser,39,160,85
2025-02-14,Lumina Smart Lamp,47,160,85
2025-02-14,Zenith Air Enhancer,43,160,85
2025-02-15,Aura-Scent Diffuser,21,160,85
2025-02-15,Lumina Smart Lamp,28,160,85
2025-02-15,Zenith Air Enhancer,46,160,85
2025-02-16,Aura-Scent Diffuser,26,160,85
2025-02-16,Lumina Smart Lamp,19,160,85
2025-02-16,Zenith Air Enhancer,21,160,85
2025-02-17,Aura-Scent Diffuser,25,160,85
2025-02-17,Lumina Smart Lamp,33,160,85
2025-02-17,Zenith Air Enhancer,28,160,85
2025-02-18,Aura-Scent Diffuser,17,160,85
2025-02-18,Lumina Smart Lamp,40,160,85
2025-02-18,Zenith Air Enhancer,30,160,85
2025-02-19,Aura-Scent Diffuser,26,160,85
2025-02-19,Lumina Smart Lamp,32,160,85
2025-02-19,Zenith Air Enhancer,46,160,85
2025-02-20,Aura-Scent Diffuser,25,160,85
2025-02-20,Lumina Smart Lamp,15,160,85
2025-02-20,Zenith Air Enhancer,17,160,85
2025-02-21,Aura-Scent Diffuser,34,160,85
2025-02-21,Lumina Smart Lamp,27,160,85
2025-02-21,Zenith Air Enhancer,34,160,85
2025-02-22,Aura-Scent Diffuser,21,160,85
2025-02-22,Lumina Smart Lamp,24,160,85
2025-02-22,Zenith Air Enhancer,35,160,85
2025-02-23,Aura-Scent Diffuser,35,160,85
2025-02-23,Lumina Smart Lamp,41,160,85
2025-02-23,Zenith Air Enhancer,19,160,85
2025-02-24,Aura-Scent Diffuser,25,160,85
2025-02-24,Lumina Smart Lamp,16,160,85
2025-02-24,Zenith Air Enhancer,26,160,85
2025-02-25,Aura-Scent Diffuser,32,160,85
2025-02-25,Lumina Smart Lamp,35,160,85
2025-02-25,Zenith Air Enhancer,30,160,85
2025-02-26,Aura-Scent Diffuser,31,160,85
2025-02-26,Lumina Smart Lamp,16,160,85
2025-02-26,Zenith Air Enhancer,23,160,85
2025-02-27,Aura-Scent Diffuser,24,160,85
2025-02-27,Lumina Smart Lamp,16,160,85
2025-02-27,Zenith Air Enhancer,18,160,85
2025-02-28,Aura-Scent Diffuser,17,160,85
2025-02-28,Lumina Smart Lamp,32,160,85
2025-02-28,Zenith Air Enhancer,38,160,85
2025-03-01,Aura-Scent Diffuser,27,160,85
2025-03-01,Lumina Smart Lamp,40,160,85
2025-03-01,Zenith Air Enhancer,39,160,85
2025-03-02,Aura-Scent Diffuser,48,160,85
2025-03-02,Lumina Smart Lamp,44,160,85
2025-03-02,Zenith Air Enhancer,27,160,85
2025-03-03,Aura-Scent Diffuser,48,160,85
2025-03-03,Lumina Smart Lamp,26,160,85
2025-03-03,Zenith Air Enhancer,23,160,85
2025-03-04,Aura-Scent Diffuser,40,160,85
2025-03-04,Lumina Smart Lamp,33,160,85
2025-03-04,Zenith Air Enhancer,44,160,85
2025-03-05,Aura-Scent Diffuser,43,160,85
2025-03-05,Lumina Smart Lamp,12,160,85
2025-03-05,Zenith Air Enhancer,46,160,85
2025-03-06,Aura-Scent Diffuser,49,160,85
2025-03-06,Lumina Smart Lamp,35,160,85
2025-03-06,Zenith Air Enhancer,32,160,85
2025-03-07,Aura-Scent Diffuser,48,160,85
2025-03-07,Lumina Smart Lamp,24,160,85
2025-03-07,Zenith Air Enhancer,13,160,85
2025-03-08,Aura-Scent Diffuser,38,160,85
2025-03-08,Lumina Smart Lamp,31,160,85
2025-03-08,Zenith Air Enhancer,34,160,85
2025-03-09,Aura-Scent Diffuser,22,160,85
2025-03-09,Lumina Smart Lamp,27,160,85
2025-03-09,Zenith Air Enhancer,42,160,85
2025-03-10,Aura-Scent Diffuser,25,160,85
2025-03-10,Lumina Smart Lamp,11,160,85
2025-03-10,Zenith Air Enhancer,44,160,85
2025-03-11,Aura-Scent Diffuser,43,160,85
2025-03-11,Lumina Smart Lamp,39,160,85
2025-03-11,Zenith Air Enhancer,22,160,85
2025-03-12,Aura-Scent Diffuser,22,160,85
2025-03-12,Lumina Smart Lamp,27,160,85
2025-03-12,Zenith Air Enhancer,41,160,85
2025-03-13,Aura-Scent Diffuser,41,160,85
2025-03-13,Lumina Smart Lamp,44,160,85
2025-03-13,Zenith Air Enhancer,48,160,85
2025-03-14,Aura-Scent Diffuser,38,160,85
2025-03-14,Lumina Smart Lamp,38,160,85
2025-03-14,Zenith Air Enhancer,25,160,85
2025-03-15,Aura-Scent Diffuser,19,160,85
2025-03-15,Lumina Smart Lamp,39,160,85
2025-03-15,Zenith Air Enhancer,34,160,85
2025-03-16,Aura-Scent Diffuser,48,160,85
2025-03-16,Lumina Smart Lamp,29,160,85
2025-03-16,Zenith Air Enhancer,14,160,85
2025-03-17,Aura-Scent Diffuser,10,160,85
2025-03-17,Lumina Smart Lamp,39,160,85
2025-03-17,Zenith Air Enhancer,12,160,85
2025-03-18,Aura-Scent Diffuser,23,160,85
2025-03-18,Lumina Smart Lamp,39,160,85
2025-03-18,Zenith Air Enhancer,13,160,85
2025-03-19,Aura-Scent Diffuser,27,160,85
2025-03-19,Lumina Smart Lamp,46,160,85
2025-03-19,Zenith Air Enhancer,34,160,85
2025-03-20,Aura-Scent Diffuser,10,160,85
2025-03-20,Lumina Smart Lamp,24,160,85
2025-03-20,Zenith Air Enhancer,18,160,85
2025-03-21,Aura-Scent Diffuser,24,160,85
2025-03-21,Lumina Smart Lamp,33,160,85
2025-03-21,Zenith Air Enhancer,13,160,85
2025-03-22,Aura-Scent Diffuser,21,160,85
2025-03-22,Lumina Smart Lamp,46,160,85
2025-03-22,Zenith Air Enhancer,46,160,85
2025-03-23,Aura-Scent Diffuser,15,160,85
2025-03-23,Lumina Smart Lamp,48,160,85
2025-03-23,Zenith Air Enhancer,33,160,85
2025-03-24,Aura-Scent Diffuser,20,160,85
2025-03-24,Lumina Smart Lamp,22,160,85
2025-03-24,Zenith Air Enhancer,43,160,85
2025-03-25,Aura-Scent Diffuser,34,160,85
2025-03-25,Lumina Smart Lamp,16,160,85
2025-03-25,Zenith Air Enhancer,13,160,85
2025-03-26,Aura-Scent Diffuser,17,160,85
2025-03-26,Lumina Smart Lamp,29,160,85
2025-03-26,Zenith Air Enhancer,38,160,85
2025-03-27,Aura-Scent Diffuser,19,160,85
2025-03-27,Lumina Smart Lamp,43,160,85
2025-03-27,Zenith Air Enhancer,35,160,85
2025-03-28,Aura-Scent Diffuser,12,160,85
2025-03-28,Lumina Smart Lamp,15,160,85
2025-03-28,Zenith Air Enhancer,14,160,85
2025-03-29,Aura-Scent Diffuser,14,160,85
2025-03-29,Lumina Smart Lamp,32,160,85
2025-03-29,Zenith Air Enhancer,18,160,85
2025-03-30,Aura-Scent Diffuser,44,160,85
2025-03-30,Lumina Smart Lamp,29,160,85
2025-03-30,Zenith Air Enhancer,44,160,85
2025-03-31,Aura-Scent Diffuser,27,160,85
2025-03-31,Lumina Smart Lamp,26,160,85
2025-03-31,Zenith Air Enhancer,33,160,85
2025-04-01,Aura-Scent Diffuser,12,160,85
2025-04-01,Lumina Smart Lamp,41,160,85
2025-04-01,Zenith Air Enhancer,44,160,85
2025-04-02,Aura-Scent Diffuser,47,160,85
2025-04-02,Lumina Smart Lamp,22,160,85
2025-04-02,Zenith Air Enhancer,34,160,85
2025-04-03,Aura-Scent Diffuser,18,160,85
2025-04-03,Lumina Smart Lamp,13,160,85
2025-04-03,Zenith Air Enhancer,23,160,85
2025-04-04,Aura-Scent Diffuser,46,160,85
2025-04-04,Lumina Smart Lamp,43,160,85
2025-04-04,Zenith Air Enhancer,20,160,85
2025-04-05,Aura-Scent Diffuser,12,160,85
2025-04-05,Lumina Smart Lamp,37,160,85
2025-04-05,Zenith Air Enhancer,38,160,85
2025-04-06,Aura-Scent Diffuser,18,160,85
2025-04-06,Lumina Smart Lamp,12,160,85
2025-04-06,Zenith Air Enhancer,34,160,85
2025-04-07,Aura-Scent Diffuser,43,160,85
2025-04-07,Lumina Smart Lamp,21,160,85
2025-04-07,Zenith Air Enhancer,18,160,85
2025-04-08,Aura-Scent Diffuser,24,160,85
2025-04-08,Lumina Smart Lamp,49,160,85
2025-04-08,Zenith Air Enhancer,34,160,85
2025-04-09,Aura-Scent Diffuser,14,160,85
2025-04-09,Lumina Smart Lamp,20,160,85
2025-04-09,Zenith Air Enhancer,43,160,85
2025-04-10,Aura-Scent Diffuser,33,160,85
2025-04-10,Lumina Smart Lamp,24,160,85
2025-04-10,Zenith Air Enhancer,47,160,85
2025-04-11,Aura-Scent Diffuser,17,160,85
2025-04-11,Lumina Smart Lamp,14,160,85
2025-04-11,Zenith Air Enhancer,35,160,85
2025-04-12,Aura-Scent Diffuser,27,160,85
2025-04-12,Lumina Smart Lamp,15,160,85
2025-04-12,Zenith Air Enhancer,46,160,85
2025-04-13,Aura-Scent Diffuser,22,160,85
2025-04-13,Lumina Smart Lamp,37,160,85
2025-04-13,Zenith Air Enhancer,14,160,85
2025-04-14,Aura-Scent Diffuser,22,160,85
2025-04-14,Lumina Smart Lamp,26,160,85
2025-04-14,Zenith Air Enhancer,49,160,85
2025-04-15,Aura-Scent Diffuser,41,160,85
2025-04-15,Lumina Smart Lamp,38,160,85
2025-04-15,Zenith Air Enhancer,12,160,85
2025-04-16,Aura-Scent Diffuser,49,160,85
2025-04-16,Lumina Smart Lamp,43,160,85
2025-04-16,Zenith Air Enhancer,49,160,85
2025-04-17,Aura-Scent Diffuser,36,160,85
2025-04-17,Lumina Smart Lamp,22,160,85
2025-04-17,Zenith Air Enhancer,42,160,85
2025-04-18,Aura-Scent Diffuser,15,160,85
2025-04-18,Lumina Smart Lamp,33,160,85
2025-04-18,Zenith Air Enhancer,28,160,85
2025-04-19,Aura-Scent Diffuser,25,160,85
2025-04-19,Lumina Smart Lamp,49,160,85
2025-04-19,Zenith Air Enhancer,37,160,85
2025-04-20,Aura-Scent Diffuser,42,160,85
2025-04-20,Lumina Smart Lamp,22,160,85
2025-04-20,Zenith Air Enhancer,34,160,85
2025-04-21,Aura-Scent Diffuser,45,160,85
2025-04-21,Lumina Smart Lamp,36,160,85
2025-04-21,Zenith Air Enhancer,47,160,85
2025-04-22,Aura-Scent Diffuser,16,160,85
2025-04-22,Lumina Smart Lamp,14,160,85
2025-04-22,Zenith Air Enhancer,40,160,85
2025-04-23,Aura-Scent Diffuser,32,160,85
2025-04-23,Lumina Smart Lamp,19,160,85
2025-04-23,Zenith Air Enhancer,41,160,85
2025-04-24,Aura-Scent Diffuser,39,160,85
2025-04-24,Lumina Smart Lamp,48,160,85
2025-04-24,Zenith Air Enhancer,40,160,85
2025-04-25,Aura-Scent Diffuser,27,160,85
2025-04-25,Lumina Smart Lamp,45,160,85
2025-04-25,Zenith Air Enhancer,11,160,85
2025-04-26,Aura-Scent Diffuser,23,160,85
2025-04-26,Lumina Smart Lamp,22,160,85
2025-04-26,Zenith Air Enhancer,38,160,85
2025-04-27,Aura-Scent Diffuser,21,160,85
2025-04-27,Lumina Smart Lamp,48,160,85
2025-04-27,Zenith Air Enhancer,11,160,85
2025-04-28,Aura-Scent Diffuser,41,160,85
2025-04-28,Lumina Smart Lamp,22,160,85
2025-04-28,Zenith Air Enhancer,36,160,85
2025-04-29,Aura-Scent Diffuser,26,160,85
2025-04-29,Lumina Smart Lamp,49,160,85
2025-04-29,Zenith Air Enhancer,40,160,85
2025-04-30,Aura-Scent Diffuser,43,160,85
2025-04-30,Lumina Smart Lamp,33,160,85
2025-04-30,Zenith Air Enhancer,44,160,85
2025-05-01,Aura-Scent Diffuser,15,160,85
2025-05-01,Lumina Smart Lamp,28,160,85
2025-05-01,Zenith Air Enhancer,39,160,85
2025-05-02,Aura-Scent Diffuser,16,160,85
2025-05-02,Lumina Smart Lamp,19,160,85
2025-05-02,Zenith Air Enhancer,41,160,85
2025-05-03,Aura-Scent Diffuser,43,160,85
2025-05-03,Lumina Smart Lamp,37,160,85
2025-05-03,Zenith Air Enhancer,24,160,85
2025-05-04,Aura-Scent Diffuser,39,160,85
2025-05-04,Lumina Smart Lamp,46,160,85
2025-05-04,Zenith Air Enhancer,38,160,85
2025-05-05,Aura-Scent Diffuser,31,160,85
2025-05-05,Lumina Smart Lamp,13,160,85
2025-05-05,Zenith Air Enhancer,29,160,85
2025-05-06,Aura-Scent Diffuser,41,160,85
2025-05-06,Lumina Smart Lamp,45,160,85
2025-05-06,Zenith Air Enhancer,13,160,85
2025-05-07,Aura-Scent Diffuser,36,160,85
2025-05-07,Lumina Smart Lamp,26,160,85
2025-05-07,Zenith Air Enhancer,21,160,85
2025-05-08,Aura-Scent Diffuser,31,160,85
2025-05-08,Lumina Smart Lamp,26,160,85
2025-05-08,Zenith Air Enhancer,19,160,85
2025-05-09,Aura-Scent Diffuser,10,160,85
2025-05-09,Lumina Smart Lamp,31,160,85
2025-05-09,Zenith Air Enhancer,35,160,85
2025-05-10,Aura-Scent Diffuser,27,160,85
2025-05-10,Lumina Smart Lamp,23,160,85
2025-05-10,Zenith Air Enhancer,38,160,85
2025-05-11,Aura-Scent Diffuser,21,160,85
2025-05-11,Lumina Smart Lamp,45,160,85
2025-05-11,Zenith Air Enhancer,44,160,85
2025-05-12,Aura-Scent Diffuser,21,160,85
2025-05-12,Lumina Smart Lamp,16,160,85
2025-05-12,Zenith Air Enhancer,38,160,85
2025-05-13,Aura-Scent Diffuser,20,160,85
2025-05-13,Lumina Smart Lamp,42,160,85
2025-05-13,Zenith Air Enhancer,15,160,85
2025-05-14,Aura-Scent Diffuser,24,160,85
2025-05-14,Lumina Smart Lamp,41,160,85
2025-05-14,Zenith Air Enhancer,20,160,85
2025-05-15,Aura-Scent Diffuser,32,160,85
2025-05-15,Lumina Smart Lamp,35,160,85
2025-05-15,Zenith Air Enhancer,43,160,85
2025-05-16,Aura-Scent Diffuser,43,160,85
2025-05-16,Lumina Smart Lamp,38,160,85
2025-05-16,Zenith Air Enhancer,13,160,85
2025-05-17,Aura-Scent Diffuser,26,160,85
2025-05-17,Lumina Smart Lamp,44,160,85
2025-05-17,Zenith Air Enhancer,22,160,85
2025-05-18,Aura-Scent Diffuser,48,160,85
2025-05-18,Lumina Smart Lamp,24,160,85
2025-05-18,Zenith Air Enhancer,38,160,85
2025-05-19,Aura-Scent Diffuser,38,160,85
2025-05-19,Lumina Smart Lamp,20,160,85
2025-05-19,Zenith Air Enhancer,41,160,85
2025-05-20,Aura-Scent Diffuser,11,160,85
2025-05-20,Lumina Smart Lamp,23,160,85
2025-05-20,Zenith Air Enhancer,29,160,85
2025-05-21,Aura-Scent Diffuser,31,160,85
2025-05-21,Lumina Smart Lamp,20,160,85
2025-05-21,Zenith Air Enhancer,36,160,85
2025-05-22,Aura-Scent Diffuser,12,160,85
2025-05-22,Lumina Smart Lamp,26,160,85
2025-05-22,Zenith Air Enhancer,37,160,85
2025-05-23,Aura-Scent Diffuser,38,160,85
2025-05-23,Lumina Smart Lamp,30,160,85
2025-05-23,Zenith Air Enhancer,25,160,85
2025-05-24,Aura-Scent Diffuser,46,160,85
2025-05-24,Lumina Smart Lamp,29,160,85
2025-05-24,Zenith Air Enhancer,15,160,85
2025-05-25,Aura-Scent Diffuser,28,160,85
2025-05-25,Lumina Smart Lamp,14,160,85
2025-05-25,Zenith Air Enhancer,12,160,85
2025-05-26,Aura-Scent Diffuser,10,160,85
2025-05-26,Lumina Smart Lamp,47,160,85
2025-05-26,Zenith Air Enhancer,24,160,85
2025-05-27,Aura-Scent Diffuser,43,160,85
2025-05-27,Lumina Smart Lamp,44,160,85
2025-05-27,Zenith Air Enhancer,34,160,85
2025-05-28,Aura-Scent Diffuser,33,160,85
2025-05-28,Lumina Smart Lamp,21,160,85
2025-05-28,Zenith Air Enhancer,27,160,85
2025-05-29,Aura-Scent Diffuser,24,160,85
2025-05-29,Lumina Smart Lamp,25,160,85
2025-05-29,Zenith Air Enhancer,36,160,85
2025-05-30,Aura-Scent Diffuser,17,160,85
2025-05-30,Lumina Smart Lamp,34,160,85
2025-05-30,Zenith Air Enhancer,26,160,85
2025-05-31,Aura-Scent Diffuser,38,160,85
2025-05-31,Lumina Smart Lamp,17,160,85
2025-05-31,Zenith Air Enhancer,24,160,85
2025-06-01,Aura-Scent Diffuser,36,160,85
2025-06-01,Lumina Smart Lamp,16,160,85
2025-06-01,Zenith Air Enhancer,12,160,85
2025-06-02,Aura-Scent Diffuser,38,160,85
2025-06-02,Lumina Smart Lamp,33,160,85
2025-06-02,Zenith Air Enhancer,12,160,85
2025-06-03,Aura-Scent Diffuser,29,160,85
2025-06-03,Lumina Smart Lamp,24,160,85
2025-06-03,Zenith Air Enhancer,34,160,85
2025-06-04,Aura-Scent Diffuser,39,160,85
2025-06-04,Lumina Smart Lamp,23,160,85
2025-06-04,Zenith Air Enhancer,16,160,85
2025-06-05,Aura-Scent Diffuser,26,160,85
2025-06-05,Lumina Smart Lamp,29,160,85
2025-06-05,Zenith Air Enhancer,45,160,85
2025-06-06,Aura-Scent Diffuser,18,160,85
2025-06-06,Lumina Smart Lamp,47,160,85
2025-06-06,Zenith Air Enhancer,31,160,85
2025-06-07,Aura-Scent Diffuser,11,160,85
2025-06-07,Lumina Smart Lamp,33,160,85
2025-06-07,Zenith Air Enhancer,17,160,85
2025-06-08,Aura-Scent Diffuser,20,160,85
2025-06-08,Lumina Smart Lamp,22,160,85
2025-06-08,Zenith Air Enhancer,26,160,85
2025-06-09,Aura-Scent Diffuser,17,160,85
2025-06-09,Lumina Smart Lamp,30,160,85
2025-06-09,Zenith Air Enhancer,27,160,85
2025-06-10,Aura-Scent Diffuser,39,160,85
2025-06-10,Lumina Smart Lamp,27,160,85
2025-06-10,Zenith Air Enhancer,40,160,85
2025-06-11,Aura-Scent Diffuser,47,160,85
2025-06-11,Lumina Smart Lamp,41,160,85
2025-06-11,Zenith Air Enhancer,20,160,85
2025-06-12,Aura-Scent Diffuser,34,160,85
2025-06-12,Lumina Smart Lamp,42,160,85
2025-06-12,Zenith Air Enhancer,47,160,85
2025-06-13,Aura-Scent Diffuser,17,160,85
2025-06-13,Lumina Smart Lamp,20,160,85
2025-06-13,Zenith Air Enhancer,31,160,85
2025-06-14,Aura-Scent Diffuser,33,160,85
2025-06-14,Lumina Smart Lamp,26,160,85
2025-06-14,Zenith Air Enhancer,21,160,85
2025-06-15,Aura-Scent Diffuser,41,160,85
2025-06-15,Lumina Smart Lamp,24,160,85
2025-06-15,Zenith Air Enhancer,25,160,85
2025-06-16,Aura-Scent Diffuser,31,160,85
2025-06-16,Lumina Smart Lamp,37,160,85
2025-06-16,Zenith Air Enhancer,29,160,85
2025-06-17,Aura-Scent Diffuser,42,160,85
2025-06-17,Lumina Smart Lamp,19,160,85
2025-06-17,Zenith Air Enhancer,49,160,85
2025-06-18,Aura-Scent Diffuser,41,160,85
2025-06-18,Lumina Smart Lamp,42,160,85
2025-06-18,Zenith Air Enhancer,11,160,85
2025-06-19,Aura-Scent Diffuser,42,160,85
2025-06-19,Lumina Smart Lamp,42,160,85
2025-06-19,Zenith Air Enhancer,22,160,85
2025-06-20,Aura-Scent Diffuser,39,160,85
2025-06-20,Lumina Smart Lamp,42,160,85
2025-06-20,Zenith Air Enhancer,22,160,85
2025-06-21,Aura-Scent Diffuser,35,160,85
2025-06-21,Lumina Smart Lamp,31,160,85
2025-06-21,Zenith Air Enhancer,48,160,85
2025-06-22,Aura-Scent Diffuser,11,160,85
2025-06-22,Lumina Smart Lamp,47,160,85
2025-06-22,Zenith Air Enhancer,48,160,85
2025-06-23,Aura-Scent Diffuser,35,160,85
2025-06-23,Lumina Smart Lamp,24,160,85
2025-06-23,Zenith Air Enhancer,43,160,85
2025-06-24,Aura-Scent Diffuser,49,160,85
2025-06-24,Lumina Smart Lamp,20,160,85
2025-06-24,Zenith Air Enhancer,12,160,85
2025-06-25,Aura-Scent Diffuser,15,160,85
2025-06-25,Lumina Smart Lamp,18,160,85
2025-06-25,Zenith Air Enhancer,15,160,85
2025-06-26,Aura-Scent Diffuser,18,160,85
2025-06-26,Lumina Smart Lamp,48,160,85
2025-06-26,Zenith Air Enhancer,40,160,85
2025-06-27,Aura-Scent Diffuser,41,160,85
2025-06-27,Lumina Smart Lamp,21,160,85
2025-06-27,Zenith Air Enhancer,17,160,85
2025-06-28,Aura-Scent Diffuser,17,160,85
2025-06-28,Lumina Smart Lamp,37,160,85
2025-06-28,Zenith Air Enhancer,29,160,85
2025-06-29,Aura-Scent Diffuser,16,160,85
2025-06-29,Lumina Smart Lamp,20,160,85
2025-06-29,Zenith Air Enhancer,29,160,85
2025-06-30,Aura-Scent Diffuser,25,160,85
2025-06-30,Lumina Smart Lamp,13,160,85
2025-06-30,Zenith Air Enhancer,15,160,85
2025-07-01,Aura-Scent Diffuser,31,160,85
2025-07-01,Lumina Smart Lamp,35,160,85
2025-07-01,Zenith Air Enhancer,12,160,85
2025-07-02,Aura-Scent Diffuser,23,160,85
2025-07-02,Lumina Smart Lamp,20,160,85
2025-07-02,Zenith Air Enhancer,27,160,85
2025-07-03,Aura-Scent Diffuser,21,160,85
2025-07-03,Lumina Smart Lamp,32,160,85
2025-07-03,Zenith Air Enhancer,21,160,85
2025-07-04,Aura-Scent Diffuser,22,160,85
2025-07-04,Lumina Smart Lamp,34,160,85
2025-07-04,Zenith Air Enhancer,28,160,85
2025-07-05,Aura-Scent Diffuser,45,160,85
2025-07-05,Lumina Smart Lamp,17,160,85
2025-07-05,Zenith Air Enhancer,38,160,85
2025-07-06,Aura-Scent Diffuser,41,160,85
2025-07-06,Lumina Smart Lamp,27,160,85
2025-07-06,Zenith Air Enhancer,15,160,85
2025-07-07,Aura-Scent Diffuser,27,160,85
2025-07-07,Lumina Smart Lamp,28,160,85
2025-07-07,Zenith Air Enhancer,31,160,85
2025-07-08,Aura-Scent Diffuser,46,160,85
2025-07-08,Lumina Smart Lamp,41,160,85
2025-07-08,Zenith Air Enhancer,12,160,85
2025-07-09,Aura-Scent Diffuser,37,160,85
2025-07-09,Lumina Smart Lamp,19,160,85
2025-07-09,Zenith Air Enhancer,44,160,85
2025-07-10,Aura-Scent Diffuser,38,160,85
2025-07-10,Lumina Smart Lamp,24,160,85
2025-07-10,Zenith Air Enhancer,42,160,85
2025-07-11,Aura-Scent Diffuser,16,160,85
2025-07-11,Lumina Smart Lamp,21,160,85
2025-07-11,Zenith Air Enhancer,39,160,85
2025-07-12,Aura-Scent Diffuser,30,160,85
2025-07-12,Lumina Smart Lamp,40,160,85
2025-07-12,Zenith Air Enhancer,33,160,85
2025-07-13,Aura-Scent Diffuser,29,160,85
2025-07-13,Lumina Smart Lamp,46,160,85
2025-07-13,Zenith Air Enhancer,13,160,85
2025-07-14,Aura-Scent Diffuser,37,160,85
2025-07-14,Lumina Smart Lamp,29,160,85
2025-07-14,Zenith Air Enhancer,33,160,85
2025-07-15,Aura-Scent Diffuser,41,160,85
2025-07-15,Lumina Smart Lamp,45,160,85
2025-07-15,Zenith Air Enhancer,43,160,85
2025-07-16,Aura-Scent Diffuser,45,160,85
2025-07-16,Lumina Smart Lamp,11,160,85
2025-07-16,Zenith Air Enhancer,24,160,85
2025-07-17,Aura-Scent Diffuser,43,160,85
2025-07-17,Lumina Smart Lamp,45,160,85
2025-07-17,Zenith Air Enhancer,15,160,85
2025-07-18,Aura-Scent Diffuser,48,160,85
2025-07-18,Lumina Smart Lamp,21,160,85
2025-07-18,Zenith Air Enhancer,12,160,85
2025-07-19,Aura-Scent Diffuser,27,160,85
2025-07-19,Lumina Smart Lamp,49,160,85
2025-07-19,Zenith Air Enhancer,30,160,85
2025-07-20,Aura-Scent Diffuser,24,160,85
2025-07-20,Lumina Smart Lamp,42,160,85
2025-07-20,Zenith Air Enhancer,44,160,85
2025-07-21,Aura-Scent Diffuser,35,160,85
2025-07-21,Lumina Smart Lamp,17,160,85
2025-07-21,Zenith Air Enhancer,45,160,85
2025-07-22,Aura-Scent Diffuser,39,160,85
2025-07-22,Lumina Smart Lamp,32,160,85
2025-07-22,Zenith Air Enhancer,23,160,85
2025-07-23,Aura-Scent Diffuser,23,160,85
2025-07-23,Lumina Smart Lamp,11,160,85
2025-07-23,Zenith Air Enhancer,46,160,85
2025-07-24,Aura-Scent Diffuser,14,160,85
2025-07-24,Lumina Smart Lamp,47,160,85
2025-07-24,Zenith Air Enhancer,23,160,85
2025-07-25,Aura-Scent Diffuser,48,160,85
2025-07-25,Lumina Smart Lamp,34,160,85
2025-07-25,Zenith Air Enhancer,29,160,85
2025-07-26,Aura-Scent Diffuser,11,160,85
2025-07-26,Lumina Smart Lamp,48,160,85
2025-07-26,Zenith Air Enhancer,15,160,85
2025-07-27,Aura-Scent Diffuser,26,160,85
2025-07-27,Lumina Smart Lamp,34,160,85
2025-07-27,Zenith Air Enhancer,37,160,85
2025-07-28,Aura-Scent Diffuser,11,160,85
2025-07-28,Lumina Smart Lamp,44,160,85
2025-07-28,Zenith Air Enhancer,46,160,85
2025-07-29,Aura-Scent Diffuser,14,160,85
2025-07-29,Lumina Smart Lamp,10,160,85
2025-07-29,Zenith Air Enhancer,49,160,85
2025-07-30,Aura-Scent Diffuser,21,160,85
2025-07-30,Lumina Smart Lamp,45,160,85
2025-07-30,Zenith Air Enhancer,32,160,85
2025-07-31,Aura-Scent Diffuser,40,160,85
2025-07-31,Lumina Smart Lamp,20,160,85
2025-07-31,Zenith Air Enhancer,19,160,85
2025-08-01,Aura-Scent Diffuser,12,160,85
2025-08-01,Lumina Smart Lamp,23,160,85
2025-08-01,Zenith Air Enhancer,25,160,85
2025-08-02,Aura-Scent Diffuser,19,160,85
2025-08-02,Lumina Smart Lamp,38,160,85
2025-08-02,Zenith Air Enhancer,19,160,85
2025-08-03,Aura-Scent Diffuser,21,160,85
2025-08-03,Lumina Smart Lamp,39,160,85
2025-08-03,Zenith Air Enhancer,10,160,85
2025-08-04,Aura-Scent Diffuser,14,160,85
2025-08-04,Lumina Smart Lamp,29,160,85
2025-08-04,Zenith Air Enhancer,17,160,85
2025-08-05,Aura-Scent Diffuser,21,160,85
2025-08-05,Lumina Smart Lamp,10,160,85
2025-08-05,Zenith Air Enhancer,29,160,85
2025-08-06,Aura-Scent Diffuser,37,160,85
2025-08-06,Lumina Smart Lamp,46,160,85
2025-08-06,Zenith Air Enhancer,46,160,85
2025-08-07,Aura-Scent Diffuser,21,160,85
2025-08-07,Lumina Smart Lamp,46,160,85
2025-08-07,Zenith Air Enhancer,37,160,85
2025-08-08,Aura-Scent Diffuser,24,160,85
2025-08-08,Lumina Smart Lamp,15,160,85
2025-08-08,Zenith Air Enhancer,29,160,85
2025-08-09,Aura-Scent Diffuser,23,160,85
2025-08-09,Lumina Smart Lamp,11,160,85
2025-08-09,Zenith Air Enhancer,18,160,85
2025-08-10,Aura-Scent Diffuser,46,160,85
2025-08-10,Lumina Smart Lamp,29,160,85
2025-08-10,Zenith Air Enhancer,35,160,85
2025-08-11,Aura-Scent Diffuser,38,160,85
2025-08-11,Lumina Smart Lamp,10,160,85
2025-08-11,Zenith Air Enhancer,44,160,85
2025-08-12,Aura-Scent Diffuser,15,160,85
2025-08-12,Lumina Smart Lamp,46,160,85
2025-08-12,Zenith Air Enhancer,14,160,85
2025-08-13,Aura-Scent Diffuser,42,160,85
2025-08-13,Lumina Smart Lamp,23,160,85
2025-08-13,Zenith Air Enhancer,21,160,85
2025-08-14,Aura-Scent Diffuser,29,160,85
2025-08-14,Lumina Smart Lamp,33,160,85
2025-08-14,Zenith Air Enhancer,43,160,85
2025-08-15,Aura-Scent Diffuser,34,160,85
2025-08-15,Lumina Smart Lamp,38,160,85
2025-08-15,Zenith Air Enhancer,48,160,85
2025-08-16,Aura-Scent Diffuser,40,160,85
2025-08-16,Lumina Smart Lamp,32,160,85
2025-08-16,Zenith Air Enhancer,47,160,85
2025-08-17,Aura-Scent Diffuser,29,160,85
2025-08-17,Lumina Smart Lamp,32,160,85
2025-08-17,Zenith Air Enhancer,25,160,85
2025-08-18,Aura-Scent Diffuser,17,160,85
2025-08-18,Lumina Smart Lamp,30,160,85
2025-08-18,Zenith Air Enhancer,10,160,85
2025-08-19,Aura-Scent Diffuser,17,160,85
2025-08-19,Lumina Smart Lamp,38,160,85
2025-08-19,Zenith Air Enhancer,41,160,85
2025-08-20,Aura-Scent Diffuser,47,160,85
2025-08-20,Lumina Smart Lamp,14,160,85
2025-08-20,Zenith Air Enhancer,31,160,85
2025-08-21,Aura-Scent Diffuser,43,160,85
2025-08-21,Lumina Smart Lamp,10,160,85
2025-08-21,Zenith Air Enhancer,35,160,85
2025-08-22,Aura-Scent Diffuser,19,160,85
2025-08-22,Lumina Smart Lamp,39,160,85
2025-08-22,Zenith Air Enhancer,27,160,85
2025-08-23,Aura-Scent Diffuser,26,160,85
2025-08-23,Lumina Smart Lamp,35,160,85
2025-08-23,Zenith Air Enhancer,17,160,85
2025-08-24,Aura-Scent Diffuser,49,160,85
2025-08-24,Lumina Smart Lamp,21,160,85
2025-08-24,Zenith Air Enhancer,36,160,85
2025-08-25,Aura-Scent Diffuser,17,160,85
2025-08-25,Lumina Smart Lamp,34,160,85
2025-08-25,Zenith Air Enhancer,13,160,85
2025-08-26,Aura-Scent Diffuser,42,160,85
2025-08-26,Lumina Smart Lamp,10,160,85
2025-08-26,Zenith Air Enhancer,28,160,85
2025-08-27,Aura-Scent Diffuser,40,160,85
2025-08-27,Lumina Smart Lamp,25,160,85
2025-08-27,Zenith Air Enhancer,23,160,85
2025-08-28,Aura-Scent Diffuser,14,160,85
2025-08-28,Lumina Smart Lamp,35,160,85
2025-08-28,Zenith Air Enhancer,37,160,85
2025-08-29,Aura-Scent Diffuser,11,160,85
2025-08-29,Lumina Smart Lamp,15,160,85
2025-08-29,Zenith Air Enhancer,18,160,85
2025-08-30,Aura-Scent Diffuser,42,160,85
2025-08-30,Lumina Smart Lamp,34,160,85
2025-08-30,Zenith Air Enhancer,22,160,85
2025-08-31,Aura-Scent Diffuser,18,160,85
2025-08-31,Lumina Smart Lamp,22,160,85
2025-08-31,Zenith Air Enhancer,40,160,85
2025-09-01,Aura-Scent Diffuser,20,160,85
2025-09-01,Lumina Smart Lamp,13,160,85
2025-09-01,Zenith Air Enhancer,43,160,85
2025-09-02,Aura-Scent Diffuser,47,160,85
2025-09-02,Lumina Smart Lamp,13,160,85
2025-09-02,Zenith Air Enhancer,47,160,85
2025-09-03,Aura-Scent Diffuser,28,160,85
2025-09-03,Lumina Smart Lamp,15,160,85
2025-09-03,Zenith Air Enhancer,43,160,85
2025-09-04,Aura-Scent Diffuser,27,160,85
2025-09-04,Lumina Smart Lamp,22,160,85
2025-09-04,Zenith Air Enhancer,32,160,85
2025-09-05,Aura-Scent Diffuser,28,160,85
2025-09-05,Lumina Smart Lamp,20,160,85
2025-09-05,Zenith Air Enhancer,10,160,85
2025-09-06,Aura-Scent Diffuser,33,160,85
2025-09-06,Lumina Smart Lamp,16,160,85
2025-09-06,Zenith Air Enhancer,34,160,85
2025-09-07,Aura-Scent Diffuser,30,160,85
2025-09-07,Lumina Smart Lamp,24,160,85
2025-09-07,Zenith Air Enhancer,10,160,85
2025-09-08,Aura-Scent Diffuser,21,160,85
2025-09-08,Lumina Smart Lamp,16,160,85
2025-09-08,Zenith Air Enhancer,24,160,85
2025-09-09,Aura-Scent Diffuser,30,160,85
2025-09-09,Lumina Smart Lamp,28,160,85
2025-09-09,Zenith Air Enhancer,38,160,85
2025-09-10,Aura-Scent Diffuser,34,160,85
2025-09-10,Lumina Smart Lamp,42,160,85
2025-09-10,Zenith Air Enhancer,41,160,85
2025-09-11,Aura-Scent Diffuser,44,160,85
2025-09-11,Lumina Smart Lamp,47,160,85
2025-09-11,Zenith Air Enhancer,35,160,85
2025-09-12,Aura-Scent Diffuser,20,160,85
2025-09-12,Lumina Smart Lamp,44,160,85
2025-09-12,Zenith Air Enhancer,17,160,85
2025-09-13,Aura-Scent Diffuser,23,160,85
2025-09-13,Lumina Smart Lamp,19,160,85
2025-09-13,Zenith Air Enhancer,11,160,85
2025-09-14,Aura-Scent Diffuser,18,160,85
2025-09-14,Lumina Smart Lamp,12,160,85
2025-09-14,Zenith Air Enhancer,30,160,85
2025-09-15,Aura-Scent Diffuser,35,160,85
2025-09-15,Lumina Smart Lamp,17,160,85
2025-09-15,Zenith Air Enhancer,11,160,85
2025-09-16,Aura-Scent Diffuser,15,160,85
2025-09-16,Lumina Smart Lamp,37,160,85
2025-09-16,Zenith Air Enhancer,38,160,85
2025-09-17,Aura-Scent Diffuser,35,160,85
2025-09-17,Lumina Smart Lamp,34,160,85
2025-09-17,Zenith Air Enhancer,21,160,85
2025-09-18,Aura-Scent Diffuser,14,160,85
2025-09-18,Lumina Smart Lamp,43,160,85
2025-09-18,Zenith Air Enhancer,46,160,85
2025-09-19,Aura-Scent Diffuser,24,160,85
2025-09-19,Lumina Smart Lamp,45,160,85
2025-09-19,Zenith Air Enhancer,24,160,85
2025-09-20,Aura-Scent Diffuser,32,160,85
2025-09-20,Lumina Smart Lamp,15,160,85
2025-09-20,Zenith Air Enhancer,30,160,85
2025-09-21,Aura-Scent Diffuser,32,160,85
2025-09-21,Lumina Smart Lamp,25,160,85
2025-09-21,Zenith Air Enhancer,24,160,85
2025-09-22,Aura-Scent Diffuser,34,160,85
2025-09-22,Lumina Smart Lamp,45,160,85
2025-09-22,Zenith Air Enhancer,20,160,85
2025-09-23,Aura-Scent Diffuser,24,160,85
2025-09-23,Lumina Smart Lamp,13,160,85
2025-09-23,Zenith Air Enhancer,30,160,85
2025-09-24,Aura-Scent Diffuser,22,160,85
2025-09-24,Lumina Smart Lamp,31,160,85
2025-09-24,Zenith Air Enhancer,28,160,85
2025-09-25,Aura-Scent Diffuser,43,160,85
2025-09-25,Lumina Smart Lamp,23,160,85
2025-09-25,Zenith Air Enhancer,13,160,85
2025-09-26,Aura-Scent Diffuser,36,160,85
2025-09-26,Lumina Smart Lamp,38,160,85
2025-09-26,Zenith Air Enhancer,37,160,85
2025-09-27,Aura-Scent Diffuser,44,160,85
2025-09-27,Lumina Smart Lamp,17,160,85
2025-09-27,Zenith Air Enhancer,25,160,85
2025-09-28,Aura-Scent Diffuser,45,160,85
2025-09-28,Lumina Smart Lamp,39,160,85
2025-09-28,Zenith Air Enhancer,27,160,85
2025-09-29,Aura-Scent Diffuser,11,160,85
2025-09-29,Lumina Smart Lamp,22,160,85
2025-09-29,Zenith Air Enhancer,13,160,85
2025-09-30,Aura-Scent Diffuser,35,160,85
2025-09-30,Lumina Smart Lamp,34,160,85
2025-09-30,Zenith Air Enhancer,39,160,85
2025-10-01,Aura-Scent Diffuser,20,160,85
2025-10-01,Lumina Smart Lamp,16,160,85
2025-10-01,Zenith Air Enhancer,40,160,85
2025-10-02,Aura-Scent Diffuser,19,160,85
2025-10-02,Lumina Smart Lamp,48,160,85
2025-10-02,Zenith Air Enhancer,22,160,85
2025-10-03,Aura-Scent Diffuser,40,160,85
2025-10-03,Lumina Smart Lamp,16,160,85
2025-10-03,Zenith Air Enhancer,45,160,85
2025-10-04,Aura-Scent Diffuser,29,160,85
2025-10-04,Lumina Smart Lamp,13,160,85
2025-10-04,Zenith Air Enhancer,16,160,85
2025-10-05,Aura-Scent Diffuser,10,160,85
2025-10-05,Lumina Smart Lamp,22,160,85
2025-10-05,Zenith Air Enhancer,31,160,85
2025-10-06,Aura-Scent Diffuser,30,160,85
2025-10-06,Lumina Smart Lamp,31,160,85
2025-10-06,Zenith Air Enhancer,37,160,85
2025-10-07,Aura-Scent Diffuser,18,160,85
2025-10-07,Lumina Smart Lamp,35,160,85
2025-10-07,Zenith Air Enhancer,18,160,85
2025-10-08,Aura-Scent Diffuser,24,160,85
2025-10-08,Lumina Smart Lamp,19,160,85
2025-10-08,Zenith Air Enhancer,33,160,85
2025-10-09,Aura-Scent Diffuser,17,160,85
2025-10-09,Lumina Smart Lamp,33,160,85
2025-10-09,Zenith Air Enhancer,25,160,85
2025-10-10,Aura-Scent Diffuser,35,160,85
2025-10-10,Lumina Smart Lamp,36,160,85
2025-10-10,Zenith Air Enhancer,46,160,85
2025-10-11,Aura-Scent Diffuser,13,160,85
2025-10-11,Lumina Smart Lamp,33,160,85
2025-10-11,Zenith Air Enhancer,28,160,85
2025-10-12,Aura-Scent Diffuser,45,160,85
2025-10-12,Lumina Smart Lamp,48,160,85
2025-10-12,Zenith Air Enhancer,19,160,85
2025-10-13,Aura-Scent Diffuser,34,160,85
2025-10-13,Lumina Smart Lamp,27,160,85
2025-10-13,Zenith Air Enhancer,28,160,85
2025-10-14,Aura-Scent Diffuser,45,160,85
2025-10-14,Lumina Smart Lamp,19,160,85
2025-10-14,Zenith Air Enhancer,42,160,85
2025-10-15,Aura-Scent Diffuser,14,160,85
2025-10-15,Lumina Smart Lamp,44,160,85
2025-10-15,Zenith Air Enhancer,43,160,85
2025-10-16,Aura-Scent Diffuser,42,160,85
2025-10-16,Lumina Smart Lamp,30,160,85
2025-10-16,Zenith Air Enhancer,26,160,85
2025-10-17,Aura-Scent Diffuser,31,160,85
2025-10-17,Lumina Smart Lamp,46,160,85
2025-10-17,Zenith Air Enhancer,24,160,85
2025-10-18,Aura-Scent Diffuser,44,160,85
2025-10-18,Lumina Smart Lamp,37,160,85
2025-10-18,Zenith Air Enhancer,16,160,85
2025-10-19,Aura-Scent Diffuser,41,160,85
2025-10-19,Lumina Smart Lamp,20,160,85
2025-10-19,Zenith Air Enhancer,19,160,85
2025-10-20,Aura-Scent Diffuser,18,160,85
2025-10-20,Lumina Smart Lamp,23,160,85
2025-10-20,Zenith Air Enhancer,22,160,85
2025-10-21,Aura-Scent Diffuser,34,160,85
2025-10-21,Lumina Smart Lamp,11,160,85
2025-10-21,Zenith Air Enhancer,44,160,85
2025-10-22,Aura-Scent Diffuser,16,160,85
2025-10-22,Lumina Smart Lamp,30,160,85
2025-10-22,Zenith Air Enhancer,27,160,85
2025-10-23,Aura-Scent Diffuser,12,160,85
2025-10-23,Lumina Smart Lamp,48,160,85
2025-10-23,Zenith Air Enhancer,20,160,85
2025-10-24,Aura-Scent Diffuser,48,160,85
2025-10-24,Lumina Smart Lamp,33,160,85
2025-10-24,Zenith Air Enhancer,28,160,85
2025-10-25,Aura-Scent Diffuser,13,160,85
2025-10-25,Lumina Smart Lamp,35,160,85
2025-10-25,Zenith Air Enhancer,47,160,85
2025-10-26,Aura-Scent Diffuser,41,160,85
2025-10-26,Lumina Smart Lamp,48,160,85
2025-10-26,Zenith Air Enhancer,45,160,85
2025-10-27,Aura-Scent Diffuser,49,160,85
2025-10-27,Lumina Smart Lamp,46,160,85
2025-10-27,Zenith Air Enhancer,42,160,85
2025-10-28,Aura-Scent Diffuser,45,160,85
2025-10-28,Lumina Smart Lamp,12,160,85
2025-10-28,Zenith Air Enhancer,18,160,85
2025-10-29,Aura-Scent Diffuser,17,160,85
2025-10-29,Lumina Smart Lamp,42,160,85
2025-10-29,Zenith Air Enhancer,15,160,85
2025-10-30,Aura-Scent Diffuser,48,160,85
2025-10-30,Lumina Smart Lamp,13,160,85
2025-10-30,Zenith Air Enhancer,22,160,85
2025-10-31,Aura-Scent Diffuser,11,160,85
2025-10-31,Lumina Smart Lamp,14,160,85
2025-10-31,Zenith Air Enhancer,36,160,85
2025-11-01,Aura-Scent Diffuser,41,160,85
2025-11-01,Lumina Smart Lamp,30,160,85
2025-11-01,Zenith Air Enhancer,17,160,85
2025-11-02,Aura-Scent Diffuser,47,160,85
2025-11-02,Lumina Smart Lamp,17,160,85
2025-11-02,Zenith Air Enhancer,12,160,85
2025-11-03,Aura-Scent Diffuser,12,160,85
2025-11-03,Lumina Smart Lamp,31,160,85
2025-11-03,Zenith Air Enhancer,15,160,85
2025-11-04,Aura-Scent Diffuser,11,160,85
2025-11-04,Lumina Smart Lamp,32,160,85
2025-11-04,Zenith Air Enhancer,11,160,85
2025-11-05,Aura-Scent Diffuser,47,160,85
2025-11-05,Lumina Smart Lamp,26,160,85
2025-11-05,Zenith Air Enhancer,44,160,85
2025-11-06,Aura-Scent Diffuser,43,160,85
2025-11-06,Lumina Smart Lamp,32,160,85
2025-11-06,Zenith Air Enhancer,39,160,85
2025-11-07,Aura-Scent Diffuser,17,160,85
2025-11-07,Lumina Smart Lamp,31,160,85
2025-11-07,Zenith Air Enhancer,45,160,85
2025-11-08,Aura-Scent Diffuser,14,160,85
2025-11-08,Lumina Smart Lamp,22,160,85
2025-11-08,Zenith Air Enhancer,38,160,85
2025-11-09,Aura-Scent Diffuser,40,160,85
2025-11-09,Lumina Smart Lamp,25,160,85
2025-11-09,Zenith Air Enhancer,39,160,85
2025-11-10,Aura-Scent Diffuser,25,160,85
2025-11-10,Lumina Smart Lamp,21,160,85
2025-11-10,Zenith Air Enhancer,26,160,85
2025-11-11,Aura-Scent Diffuser,25,160,85
2025-11-11,Lumina Smart Lamp,21,160,85
2025-11-11,Zenith Air Enhancer,17,160,85
2025-11-12,Aura-Scent Diffuser,29,160,85
2025-11-12,Lumina Smart Lamp,12,160,85
2025-11-12,Zenith Air Enhancer,25,160,85
2025-11-13,Aura-Scent Diffuser,39,160,85
2025-11-13,Lumina Smart Lamp,32,160,85
2025-11-13,Zenith Air Enhancer,37,160,85
2025-11-14,Aura-Scent Diffuser,49,160,85
2025-11-14,Lumina Smart Lamp,14,160,85
2025-11-14,Zenith Air Enhancer,29,160,85
2025-11-15,Aura-Scent Diffuser,49,160,85
2025-11-15,Lumina Smart Lamp,10,160,85
2025-11-15,Zenith Air Enhancer,39,160,85
2025-11-16,Aura-Scent Diffuser,30,160,85
2025-11-16,Lumina Smart Lamp,29,160,85
2025-11-16,Zenith Air Enhancer,15,160,85
2025-11-17,Aura-Scent Diffuser,31,160,85
2025-11-17,Lumina Smart Lamp,27,160,85
2025-11-17,Zenith Air Enhancer,17,160,85
2025-11-18,Aura-Scent Diffuser,48,160,85
2025-11-18,Lumina Smart Lamp,41,160,85
2025-11-18,Zenith Air Enhancer,42,160,85
2025-11-19,Aura-Scent Diffuser,25,160,85
2025-11-19,Lumina Smart Lamp,21,160,85
2025-11-19,Zenith Air Enhancer,47,160,85
2025-11-20,Aura-Scent Diffuser,43,160,85
2025-11-20,Lumina Smart Lamp,23,160,85
2025-11-20,Zenith Air Enhancer,45,160,85
2025-11-21,Aura-Scent Diffuser,42,160,85
2025-11-21,Lumina Smart Lamp,32,160,85
2025-11-21,Zenith Air Enhancer,11,160,85
2025-11-22,Aura-Scent Diffuser,30,160,85
2025-11-22,Lumina Smart Lamp,11,160,85
2025-11-22,Zenith Air Enhancer,36,160,85
2025-11-23,Aura-Scent Diffuser,18,160,85
2025-11-23,Lumina Smart Lamp,10,160,85
2025-11-23,Zenith Air Enhancer,20,160,85
2025-11-24,Aura-Scent Diffuser,12,160,85
2025-11-24,Lumina Smart Lamp,32,160,85
2025-11-24,Zenith Air Enhancer,35,160,85
2025-11-25,Aura-Scent Diffuser,13,160,85
2025-11-25,Lumina Smart Lamp,27,160,85
2025-11-25,Zenith Air Enhancer,15,160,85
2025-11-26,Aura-Scent Diffuser,44,160,85
2025-11-26,Lumina Smart Lamp,31,160,85
2025-11-26,Zenith Air Enhancer,24,160,85
2025-11-27,Aura-Scent Diffuser,31,160,85
2025-11-27,Lumina Smart Lamp,46,160,85
2025-11-27,Zenith Air Enhancer,21,160,85
2025-11-28,Aura-Scent Diffuser,47,160,85
2025-11-28,Lumina Smart Lamp,27,160,85
2025-11-28,Zenith Air Enhancer,44,160,85
2025-11-29,Aura-Scent Diffuser,39,160,85
2025-11-29,Lumina Smart Lamp,33,160,85
2025-11-29,Zenith Air Enhancer,39,160,85
2025-11-30,Aura-Scent Diffuser,23,160,85
2025-11-30,Lumina Smart Lamp,15,160,85
2025-11-30,Zenith Air Enhancer,12,160,85
2025-12-01,Aura-Scent Diffuser,25,160,85
2025-12-01,Lumina Smart Lamp,16,160,85
2025-12-01,Zenith Air Enhancer,23,160,85
2025-12-02,Aura-Scent Diffuser,18,160,85
2025-12-02,Lumina Smart Lamp,24,160,85
2025-12-02,Zenith Air Enhancer,30,160,85
2025-12-03,Aura-Scent Diffuser,44,160,85
2025-12-03,Lumina Smart Lamp,11,160,85
2025-12-03,Zenith Air Enhancer,36,160,85
2025-12-04,Aura-Scent Diffuser,11,160,85
2025-12-04,Lumina Smart Lamp,44,160,85
2025-12-04,Zenith Air Enhancer,27,160,85
2025-12-05,Aura-Scent Diffuser,23,160,85
2025-12-05,Lumina Smart Lamp,29,160,85
2025-12-05,Zenith Air Enhancer,27,160,85
2025-12-06,Aura-Scent Diffuser,19,160,85
2025-12-06,Lumina Smart Lamp,34,160,85
2025-12-06,Zenith Air Enhancer,11,160,85
2025-12-07,Aura-Scent Diffuser,34,160,85
2025-12-07,Lumina Smart Lamp,42,160,85
2025-12-07,Zenith Air Enhancer,45,160,85
2025-12-08,Aura-Scent Diffuser,40,160,85
2025-12-08,Lumina Smart Lamp,23,160,85
2025-12-08,Zenith Air Enhancer,10,160,85
2025-12-09,Aura-Scent Diffuser,25,160,85
2025-12-09,Lumina Smart Lamp,12,160,85
2025-12-09,Zenith Air Enhancer,44,160,85
2025-12-10,Aura-Scent Diffuser,15,160,85
2025-12-10,Lumina Smart Lamp,34,160,85
2025-12-10,Zenith Air Enhancer,22,160,85
2025-12-11,Aura-Scent Diffuser,43,160,85
2025-12-11,Lumina Smart Lamp,17,160,85
2025-12-11,Zenith Air Enhancer,30,160,85
2025-12-12,Aura-Scent Diffuser,43,160,85
2025-12-12,Lumina Smart Lamp,13,160,85
2025-12-12,Zenith Air Enhancer,34,160,85
2025-12-13,Aura-Scent Diffuser,24,160,85
2025-12-13,Lumina Smart Lamp,13,160,85
2025-12-13,Zenith Air Enhancer,21,160,85
2025-12-14,Aura-Scent Diffuser,41,160,85
2025-12-14,Lumina Smart Lamp,41,160,85
2025-12-14,Zenith Air Enhancer,37,160,85
2025-12-15,Aura-Scent Diffuser,22,160,85
2025-12-15,Lumina Smart Lamp,40,160,85
2025-12-15,Zenith Air Enhancer,23,160,85
2025-12-16,Aura-Scent Diffuser,29,160,85
2025-12-16,Lumina Smart Lamp,27,160,85
2025-12-16,Zenith Air Enhancer,38,160,85
2025-12-17,Aura-Scent Diffuser,15,160,85
2025-12-17,Lumina Smart Lamp,41,160,85
2025-12-17,Zenith Air Enhancer,38,160,85
2025-12-18,Aura-Scent Diffuser,11,160,85
2025-12-18,Lumina Smart Lamp,32,160,85
2025-12-18,Zenith Air Enhancer,28,160,85
2025-12-19,Aura-Scent Diffuser,40,160,85
2025-12-19,Lumina Smart Lamp,14,160,85
2025-12-19,Zenith Air Enhancer,28,160,85
2025-12-20,Aura-Scent Diffuser,43,160,85
2025-12-20,Lumina Smart Lamp,19,160,85
2025-12-20,Zenith Air Enhancer,34,160,85
2025-12-21,Aura-Scent Diffuser,11,160,85
2025-12-21,Lumina Smart Lamp,20,160,85
2025-12-21,Zenith Air Enhancer,40,160,85
2025-12-22,Aura-Scent Diffuser,24,160,85
2025-12-22,Lumina Smart Lamp,18,160,85
2025-12-22,Zenith Air Enhancer,32,160,85
2025-12-23,Aura-Scent Diffuser,28,160,85
2025-12-23,Lumina Smart Lamp,18,160,85
2025-12-23,Zenith Air Enhancer,44,160,85
2025-12-24,Aura-Scent Diffuser,30,160,85
2025-12-24,Lumina Smart Lamp,18,160,85
2025-12-24,Zenith Air Enhancer,37,160,85
2025-12-25,Aura-Scent Diffuser,16,160,85
2025-12-25,Lumina Smart Lamp,25,160,85
2025-12-25,Zenith Air Enhancer,25,160,85
2025-12-26,Aura-Scent Diffuser,42,160,85
2025-12-26,Lumina Smart Lamp,13,160,85
2025-12-26,Zenith Air Enhancer,13,160,85
2025-12-27,Aura-Scent Diffuser,48,160,85
2025-12-27,Lumina Smart Lamp,49,160,85
2025-12-27,Zenith Air Enhancer,26,160,85
2025-12-28,Aura-Scent Diffuser,46,160,85
2025-12-28,Lumina Smart Lamp,48,160,85
2025-12-28,Zenith Air Enhancer,38,160,85
2025-12-29,Aura-Scent Diffuser,45,160,85
2025-12-29,Lumina Smart Lamp,47,160,85
2025-12-29,Zenith Air Enhancer,48,160,85
2025-12-30,Aura-Scent Diffuser,46,160,85
2025-12-30,Lumina Smart Lamp,44,160,85
2025-12-30,Zenith Air Enhancer,16,160,85
2025-12-31,Aura-Scent Diffuser,36,160,85
2025-12-31,Lumina Smart Lamp,37,160,85
2025-12-31,Zenith Air Enhancer,31,160,85
